tier,ingest_external_txn_id,candidate_internal_txn_ids,chosen_internal_txn_id,chosen_by_reference_score,disambiguated_by_reference,batch_file
TIER_2_DATE_TOLERANCE,966413597849,"['576887312255', '538842104850', '300915315121']",576887312255,1,True,ingest_batch_0001.csv
TIER_3_REFERENCE_MATCH,887089520544,"['588269116805', '771156022187']",588269116805,1,True,ingest_batch_0001.csv
TIER_1_EXACT,835803001032,"['719910457773', '475203870860', '842461864965', '223256530255', '17991905448', '68215564144', '869592125423', '705356512841', '161029840110', '961046323692', '778712413339', '134748876965', '231499868688', '597913933334', '828100129195', '732872833593', '958000852318', '271097358549', '663436293575', '648596890428', '266320339829', '504192101334', '86052369141', '87538002211', '306067547937', '575852635597', '214176426045', '109954043300', '925305231353', '56794090735', '216175046342', '316486445695', '15149193656', '823216519586', '579934389547', '619567533809', '59619221737', '45005280775', '127624532995']",719910457773,0,False,ingest_batch_0001.csv
TIER_1_EXACT,343407011653,"['824661020962', '161696674448', '844071755423', '496821694329', '133851228158', '916006821777', '247960793436', '164535240845', '581554053093', '707303040753', '494225322841', '53015696742', '937469836935', '911122414856', '886346790346', '277293527921']",824661020962,0,False,ingest_batch_0001.csv
TIER_1_EXACT,604938346277,"['862968935592', '101617294919', '192363995351', '389322511412', '866196414328', '510312409580', '742892324290', '481167657935', '114066334529', '131337710469', '454862586499', '679799366782', '529075649894', '402959158860', '558912811465', '236465589734', '411179755796', '185355302949', '731411426050', '14291092389', '439408528102', '560619692957', '629677261633', '46751784980', '191550783767', '647092811967', '109509767630', '272214218342', '747624900543', '541219568659', '213078951224', '393378757510', '847833819077', '261082264295', '459478784298', '150262174723', '471488049694', '900714240805', '916909970832']",862968935592,0,False,ingest_batch_0001.csv
TIER_1_EXACT,452842441648,"['975328207044', '812019820177', '787970103473', '967469393415', '108418901849', '80102757515']",975328207044,0,False,ingest_batch_0001.csv
TIER_1_EXACT,281382003638,"['101617294919', '192363995351', '389322511412', '866196414328', '510312409580', '742892324290', '481167657935', '114066334529', '131337710469', '454862586499', '679799366782', '529075649894', '402959158860', '558912811465', '236465589734', '411179755796', '185355302949', '731411426050', '14291092389', '439408528102', '560619692957', '629677261633', '46751784980', '191550783767', '647092811967', '109509767630', '272214218342', '747624900543', '541219568659', '213078951224', '393378757510', '847833819077', '261082264295', '459478784298', '150262174723', '471488049694', '900714240805', '916909970832']",101617294919,0,False,ingest_batch_0001.csv
TIER_1_EXACT,588351848386,"['192363995351', '389322511412', '866196414328', '510312409580', '742892324290', '481167657935', '114066334529', '131337710469', '454862586499', '679799366782', '529075649894', '402959158860', '558912811465', '236465589734', '411179755796', '185355302949', '731411426050', '14291092389', '439408528102', '560619692957', '629677261633', '46751784980', '191550783767', '647092811967', '109509767630', '272214218342', '747624900543', '541219568659', '213078951224', '393378757510', '847833819077', '261082264295', '459478784298', '150262174723', '471488049694', '900714240805', '916909970832']",192363995351,0,False,ingest_batch_0001.csv
TIER_4_AMOUNT_TOLERANCE,84440526061,"['479165463232', '382077073044', '842457345063', '823197397959', '881992115441', '728897405251']",479165463232,0,False,ingest_batch_0001.csv
TIER_1_EXACT,766426427755,"['475203870860', '842461864965', '223256530255', '17991905448', '68215564144', '869592125423', '705356512841', '161029840110', '961046323692', '778712413339', '134748876965', '231499868688', '597913933334', '828100129195', '732872833593', '958000852318', '271097358549', '663436293575', '648596890428', '266320339829', '504192101334', '86052369141', '87538002211', '306067547937', '575852635597', '214176426045', '109954043300', '925305231353', '56794090735', '216175046342', '316486445695', '15149193656', '823216519586', '579934389547', '619567533809', '59619221737', '45005280775', '127624532995']",475203870860,0,False,ingest_batch_0001.csv
TIER_1_EXACT,715477149266,"['812019820177', '787970103473', '967469393415', '108418901849', '80102757515']",812019820177,0,False,ingest_batch_0001.csv
TIER_1_EXACT,447703585185,"['655223831029', '423148581268', '979150614928', '257481660020', '345537721759', '529869601240']",655223831029,0,False,ingest_batch_0001.csv
TIER_1_EXACT,694473197191,"['710229987711', '984781635240']",710229987711,0,False,ingest_batch_0001.csv
TIER_1_EXACT,251355375200,"['389322511412', '866196414328', '510312409580', '742892324290', '481167657935', '114066334529', '131337710469', '454862586499', '679799366782', '529075649894', '402959158860', '558912811465', '236465589734', '411179755796', '185355302949', '731411426050', '14291092389', '439408528102', '560619692957', '629677261633', '46751784980', '191550783767', '647092811967', '109509767630', '272214218342', '747624900543', '541219568659', '213078951224', '393378757510', '847833819077', '261082264295', '459478784298', '150262174723', '471488049694', '900714240805', '916909970832']",389322511412,0,False,ingest_batch_0001.csv
TIER_1_EXACT,229158719526,"['458851791874', '103295883780', '236680100476', '87669556366', '76350576849']",458851791874,0,False,ingest_batch_0001.csv
TIER_1_EXACT,998959280318,"['866196414328', '510312409580', '742892324290', '481167657935', '114066334529', '131337710469', '454862586499', '679799366782', '529075649894', '402959158860', '558912811465', '236465589734', '411179755796', '185355302949', '731411426050', '14291092389', '439408528102', '560619692957', '629677261633', '46751784980', '191550783767', '647092811967', '109509767630', '272214218342', '747624900543', '541219568659', '213078951224', '393378757510', '847833819077', '261082264295', '459478784298', '150262174723', '471488049694', '900714240805', '916909970832']",866196414328,0,False,ingest_batch_0001.csv
TIER_1_EXACT,645447954572,"['510312409580', '742892324290', '481167657935', '114066334529', '131337710469', '454862586499', '679799366782', '529075649894', '402959158860', '558912811465', '236465589734', '411179755796', '185355302949', '731411426050', '14291092389', '439408528102', '560619692957', '629677261633', '46751784980', '191550783767', '647092811967', '109509767630', '272214218342', '747624900543', '541219568659', '213078951224', '393378757510', '847833819077', '261082264295', '459478784298', '150262174723', '471488049694', '900714240805', '916909970832']",510312409580,0,False,ingest_batch_0001.csv
TIER_1_EXACT,552666666219,"['787970103473', '967469393415', '108418901849', '80102757515']",787970103473,0,False,ingest_batch_0001.csv
TIER_1_EXACT,64074362557,"['742892324290', '481167657935', '114066334529', '131337710469', '454862586499', '679799366782', '529075649894', '402959158860', '558912811465', '236465589734', '411179755796', '185355302949', '731411426050', '14291092389', '439408528102', '560619692957', '629677261633', '46751784980', '191550783767', '647092811967', '109509767630', '272214218342', '747624900543', '541219568659', '213078951224', '393378757510', '847833819077', '261082264295', '459478784298', '150262174723', '471488049694', '900714240805', '916909970832']",742892324290,0,False,ingest_batch_0001.csv
TIER_1_EXACT,846781499499,"['842461864965', '223256530255', '17991905448', '68215564144', '869592125423', '705356512841', '161029840110', '961046323692', '778712413339', '134748876965', '231499868688', '597913933334', '828100129195', '732872833593', '958000852318', '271097358549', '663436293575', '648596890428', '266320339829', '504192101334', '86052369141', '87538002211', '306067547937', '575852635597', '214176426045', '109954043300', '925305231353', '56794090735', '216175046342', '316486445695', '15149193656', '823216519586', '579934389547', '619567533809', '59619221737', '45005280775', '127624532995']",842461864965,0,False,ingest_batch_0001.csv
TIER_1_EXACT,818063502686,"['223256530255', '17991905448', '68215564144', '869592125423', '705356512841', '161029840110', '961046323692', '778712413339', '134748876965', '231499868688', '597913933334', '828100129195', '732872833593', '958000852318', '271097358549', '663436293575', '648596890428', '266320339829', '504192101334', '86052369141', '87538002211', '306067547937', '575852635597', '214176426045', '109954043300', '925305231353', '56794090735', '216175046342', '316486445695', '15149193656', '823216519586', '579934389547', '619567533809', '59619221737', '45005280775', '127624532995']",223256530255,0,False,ingest_batch_0001.csv
TIER_1_EXACT,691923965830,"['17741829911', '373699372627']",17741829911,0,False,ingest_batch_0001.csv
TIER_1_EXACT,965285042019,"['881052745797', '210691962528']",881052745797,0,False,ingest_batch_0001.csv
TIER_1_EXACT,671085764168,"['17991905448', '68215564144', '869592125423', '705356512841', '161029840110', '961046323692', '778712413339', '134748876965', '231499868688', '597913933334', '828100129195', '732872833593', '958000852318', '271097358549', '663436293575', '648596890428', '266320339829', '504192101334', '86052369141', '87538002211', '306067547937', '575852635597', '214176426045', '109954043300', '925305231353', '56794090735', '216175046342', '316486445695', '15149193656', '823216519586', '579934389547', '619567533809', '59619221737', '45005280775', '127624532995']",17991905448,0,False,ingest_batch_0001.csv
TIER_1_EXACT,148922611223,"['136456241968', '981623189157', '874183618778', '157880522384', '580530702853', '761892421024', '77934669093', '201164522483', '617322183157', '336991228609', '973832055916', '809524434757', '35950649109', '715963200675', '242190620765']",136456241968,0,False,ingest_batch_0001.csv
TIER_1_EXACT,578096457066,"['68215564144', '869592125423', '705356512841', '161029840110', '961046323692', '778712413339', '134748876965', '231499868688', '597913933334', '828100129195', '732872833593', '958000852318', '271097358549', '663436293575', '648596890428', '266320339829', '504192101334', '86052369141', '87538002211', '306067547937', '575852635597', '214176426045', '109954043300', '925305231353', '56794090735', '216175046342', '316486445695', '15149193656', '823216519586', '579934389547', '619567533809', '59619221737', '45005280775', '127624532995']",68215564144,0,False,ingest_batch_0001.csv
TIER_1_EXACT,978722050988,"['981623189157', '874183618778', '157880522384', '580530702853', '761892421024', '77934669093', '201164522483', '617322183157', '336991228609', '973832055916', '809524434757', '35950649109', '715963200675', '242190620765']",981623189157,0,False,ingest_batch_0001.csv
TIER_1_EXACT,580125922255,"['869592125423', '705356512841', '161029840110', '961046323692', '778712413339', '134748876965', '231499868688', '597913933334', '828100129195', '732872833593', '958000852318', '271097358549', '663436293575', '648596890428', '266320339829', '504192101334', '86052369141', '87538002211', '306067547937', '575852635597', '214176426045', '109954043300', '925305231353', '56794090735', '216175046342', '316486445695', '15149193656', '823216519586', '579934389547', '619567533809', '59619221737', '45005280775', '127624532995']",869592125423,0,False,ingest_batch_0001.csv
TIER_1_EXACT,984373260473,"['806316784017', '132316151906']",806316784017,0,False,ingest_batch_0001.csv
TIER_1_EXACT,350273613813,"['874183618778', '157880522384', '580530702853', '761892421024', '77934669093', '201164522483', '617322183157', '336991228609', '973832055916', '809524434757', '35950649109', '715963200675', '242190620765']",874183618778,0,False,ingest_batch_0001.csv
TIER_1_EXACT,727518217517,"['705356512841', '161029840110', '961046323692', '778712413339', '134748876965', '231499868688', '597913933334', '828100129195', '732872833593', '958000852318', '271097358549', '663436293575', '648596890428', '266320339829', '504192101334', '86052369141', '87538002211', '306067547937', '575852635597', '214176426045', '109954043300', '925305231353', '56794090735', '216175046342', '316486445695', '15149193656', '823216519586', '579934389547', '619567533809', '59619221737', '45005280775', '127624532995']",705356512841,0,False,ingest_batch_0001.csv
TIER_1_EXACT,886217160882,"['161029840110', '961046323692', '778712413339', '134748876965', '231499868688', '597913933334', '828100129195', '732872833593', '958000852318', '271097358549', '663436293575', '648596890428', '266320339829', '504192101334', '86052369141', '87538002211', '306067547937', '575852635597', '214176426045', '109954043300', '925305231353', '56794090735', '216175046342', '316486445695', '15149193656', '823216519586', '579934389547', '619567533809', '59619221737', '45005280775', '127624532995']",161029840110,0,False,ingest_batch_0001.csv
TIER_1_EXACT,311006741712,"['157880522384', '580530702853', '761892421024', '77934669093', '201164522483', '617322183157', '336991228609', '973832055916', '809524434757', '35950649109', '715963200675', '242190620765']",157880522384,0,False,ingest_batch_0001.csv
TIER_1_EXACT,242654454150,"['580530702853', '761892421024', '77934669093', '201164522483', '617322183157', '336991228609', '973832055916', '809524434757', '35950649109', '715963200675', '242190620765']",580530702853,0,False,ingest_batch_0001.csv
TIER_1_EXACT,881938024675,"['967469393415', '108418901849', '80102757515']",967469393415,0,False,ingest_batch_0001.csv
TIER_1_EXACT,928226677486,"['961046323692', '778712413339', '134748876965', '231499868688', '597913933334', '828100129195', '732872833593', '958000852318', '271097358549', '663436293575', '648596890428', '266320339829', '504192101334', '86052369141', '87538002211', '306067547937', '575852635597', '214176426045', '109954043300', '925305231353', '56794090735', '216175046342', '316486445695', '15149193656', '823216519586', '579934389547', '619567533809', '59619221737', '45005280775', '127624532995']",961046323692,0,False,ingest_batch_0001.csv
TIER_1_EXACT,583673656783,"['243160886294', '393295213436']",243160886294,0,False,ingest_batch_0001.csv
TIER_1_EXACT,227215363027,"['885578425387', '638158327565', '757617670176']",885578425387,0,False,ingest_batch_0001.csv
TIER_2_DATE_TOLERANCE,586596332167,"['755326966137', '650623652578']",755326966137,0,False,ingest_batch_0001.csv
TIER_4_AMOUNT_TOLERANCE,22691787073,"['382077073044', '842457345063', '823197397959', '881992115441', '728897405251']",382077073044,0,False,ingest_batch_0001.csv
TIER_1_EXACT,375927447228,"['481167657935', '114066334529', '131337710469', '454862586499', '679799366782', '529075649894', '402959158860', '558912811465', '236465589734', '411179755796', '185355302949', '731411426050', '14291092389', '439408528102', '560619692957', '629677261633', '46751784980', '191550783767', '647092811967', '109509767630', '272214218342', '747624900543', '541219568659', '213078951224', '393378757510', '847833819077', '261082264295', '459478784298', '150262174723', '471488049694', '900714240805', '916909970832']",481167657935,0,False,ingest_batch_0001.csv
TIER_1_EXACT,126513547052,"['778712413339', '134748876965', '231499868688', '597913933334', '828100129195', '732872833593', '958000852318', '271097358549', '663436293575', '648596890428', '266320339829', '504192101334', '86052369141', '87538002211', '306067547937', '575852635597', '214176426045', '109954043300', '925305231353', '56794090735', '216175046342', '316486445695', '15149193656', '823216519586', '579934389547', '619567533809', '59619221737', '45005280775', '127624532995']",778712413339,0,False,ingest_batch_0001.csv
TIER_4_AMOUNT_TOLERANCE,373422430246,"['842457345063', '823197397959', '881992115441', '728897405251']",842457345063,0,False,ingest_batch_0001.csv
TIER_1_EXACT,792315743950,"['134748876965', '231499868688', '597913933334', '828100129195', '732872833593', '958000852318', '271097358549', '663436293575', '648596890428', '266320339829', '504192101334', '86052369141', '87538002211', '306067547937', '575852635597', '214176426045', '109954043300', '925305231353', '56794090735', '216175046342', '316486445695', '15149193656', '823216519586', '579934389547', '619567533809', '59619221737', '45005280775', '127624532995']",134748876965,0,False,ingest_batch_0001.csv
TIER_1_EXACT,551869276783,"['124795823626', '699179680990']",124795823626,0,False,ingest_batch_0001.csv
TIER_1_EXACT,498219716951,"['231499868688', '597913933334', '828100129195', '732872833593', '958000852318', '271097358549', '663436293575', '648596890428', '266320339829', '504192101334', '86052369141', '87538002211', '306067547937', '575852635597', '214176426045', '109954043300', '925305231353', '56794090735', '216175046342', '316486445695', '15149193656', '823216519586', '579934389547', '619567533809', '59619221737', '45005280775', '127624532995']",231499868688,0,False,ingest_batch_0001.csv
TIER_1_EXACT,55031072898,"['161696674448', '844071755423', '496821694329', '133851228158', '916006821777', '247960793436', '164535240845', '581554053093', '707303040753', '494225322841', '53015696742', '937469836935', '911122414856', '886346790346', '277293527921']",161696674448,0,False,ingest_batch_0001.csv
TIER_1_EXACT,900511207312,"['114066334529', '131337710469', '454862586499', '679799366782', '529075649894', '402959158860', '558912811465', '236465589734', '411179755796', '185355302949', '731411426050', '14291092389', '439408528102', '560619692957', '629677261633', '46751784980', '191550783767', '647092811967', '109509767630', '272214218342', '747624900543', '541219568659', '213078951224', '393378757510', '847833819077', '261082264295', '459478784298', '150262174723', '471488049694', '900714240805', '916909970832']",114066334529,0,False,ingest_batch_0001.csv
TIER_1_EXACT,737872520458,"['245738866699', '257194744000']",245738866699,0,False,ingest_batch_0001.csv
TIER_1_EXACT,351792386869,"['131337710469', '454862586499', '679799366782', '529075649894', '402959158860', '558912811465', '236465589734', '411179755796', '185355302949', '731411426050', '14291092389', '439408528102', '560619692957', '629677261633', '46751784980', '191550783767', '647092811967', '109509767630', '272214218342', '747624900543', '541219568659', '213078951224', '393378757510', '847833819077', '261082264295', '459478784298', '150262174723', '471488049694', '900714240805', '916909970832']",131337710469,0,False,ingest_batch_0001.csv
TIER_1_EXACT,19684960729,"['844071755423', '496821694329', '133851228158', '916006821777', '247960793436', '164535240845', '581554053093', '707303040753', '494225322841', '53015696742', '937469836935', '911122414856', '886346790346', '277293527921']",844071755423,0,False,ingest_batch_0001.csv
TIER_1_EXACT,786706289538,"['638158327565', '757617670176']",638158327565,0,False,ingest_batch_0001.csv
TIER_1_EXACT,461776077603,"['761892421024', '77934669093', '201164522483', '617322183157', '336991228609', '973832055916', '809524434757', '35950649109', '715963200675', '242190620765']",761892421024,0,False,ingest_batch_0001.csv
TIER_1_EXACT,365288948477,"['217004451209', '786266571662', '550457470516']",217004451209,0,False,ingest_batch_0001.csv
TIER_1_EXACT,294587022047,"['979888782543', '609873023645']",979888782543,0,False,ingest_batch_0001.csv
TIER_4_AMOUNT_TOLERANCE,894499724794,"['823197397959', '881992115441', '728897405251']",823197397959,0,False,ingest_batch_0001.csv
TIER_1_EXACT,845887029551,"['597913933334', '828100129195', '732872833593', '958000852318', '271097358549', '663436293575', '648596890428', '266320339829', '504192101334', '86052369141', '87538002211', '306067547937', '575852635597', '214176426045', '109954043300', '925305231353', '56794090735', '216175046342', '316486445695', '15149193656', '823216519586', '579934389547', '619567533809', '59619221737', '45005280775', '127624532995']",597913933334,0,False,ingest_batch_0001.csv
TIER_1_EXACT,735969924422,"['454862586499', '679799366782', '529075649894', '402959158860', '558912811465', '236465589734', '411179755796', '185355302949', '731411426050', '14291092389', '439408528102', '560619692957', '629677261633', '46751784980', '191550783767', '647092811967', '109509767630', '272214218342', '747624900543', '541219568659', '213078951224', '393378757510', '847833819077', '261082264295', '459478784298', '150262174723', '471488049694', '900714240805', '916909970832']",454862586499,0,False,ingest_batch_0001.csv
TIER_1_EXACT,850704521622,"['496821694329', '133851228158', '916006821777', '247960793436', '164535240845', '581554053093', '707303040753', '494225322841', '53015696742', '937469836935', '911122414856', '886346790346', '277293527921']",496821694329,0,False,ingest_batch_0001.csv
TIER_1_EXACT,187908639319,"['103295883780', '236680100476', '87669556366', '76350576849']",103295883780,0,False,ingest_batch_0001.csv
TIER_1_EXACT,982398617297,"['236680100476', '87669556366', '76350576849']",236680100476,0,False,ingest_batch_0001.csv
TIER_1_EXACT,373499266506,"['810757489963', '964327791247', '192746057945']",810757489963,0,False,ingest_batch_0001.csv
TIER_1_EXACT,646096553004,"['423148581268', '979150614928', '257481660020', '345537721759', '529869601240']",423148581268,0,False,ingest_batch_0001.csv
TIER_1_EXACT,523838382765,"['133851228158', '916006821777', '247960793436', '164535240845', '581554053093', '707303040753', '494225322841', '53015696742', '937469836935', '911122414856', '886346790346', '277293527921']",133851228158,0,False,ingest_batch_0001.csv
TIER_1_EXACT,86180660249,"['679799366782', '529075649894', '402959158860', '558912811465', '236465589734', '411179755796', '185355302949', '731411426050', '14291092389', '439408528102', '560619692957', '629677261633', '46751784980', '191550783767', '647092811967', '109509767630', '272214218342', '747624900543', '541219568659', '213078951224', '393378757510', '847833819077', '261082264295', '459478784298', '150262174723', '471488049694', '900714240805', '916909970832']",679799366782,0,False,ingest_batch_0001.csv
TIER_1_EXACT,944631409211,"['529075649894', '402959158860', '558912811465', '236465589734', '411179755796', '185355302949', '731411426050', '14291092389', '439408528102', '560619692957', '629677261633', '46751784980', '191550783767', '647092811967', '109509767630', '272214218342', '747624900543', '541219568659', '213078951224', '393378757510', '847833819077', '261082264295', '459478784298', '150262174723', '471488049694', '900714240805', '916909970832']",529075649894,0,False,ingest_batch_0001.csv
TIER_1_EXACT,935526566779,"['402959158860', '558912811465', '236465589734', '411179755796', '185355302949', '731411426050', '14291092389', '439408528102', '560619692957', '629677261633', '46751784980', '191550783767', '647092811967', '109509767630', '272214218342', '747624900543', '541219568659', '213078951224', '393378757510', '847833819077', '261082264295', '459478784298', '150262174723', '471488049694', '900714240805', '916909970832']",402959158860,0,False,ingest_batch_0001.csv
TIER_1_EXACT,354692036943,"['916006821777', '247960793436', '164535240845', '581554053093', '707303040753', '494225322841', '53015696742', '937469836935', '911122414856', '886346790346', '277293527921']",916006821777,0,False,ingest_batch_0001.csv
TIER_1_EXACT,11610757948,"['828100129195', '732872833593', '958000852318', '271097358549', '663436293575', '648596890428', '266320339829', '504192101334', '86052369141', '87538002211', '306067547937', '575852635597', '214176426045', '109954043300', '925305231353', '56794090735', '216175046342', '316486445695', '15149193656', '823216519586', '579934389547', '619567533809', '59619221737', '45005280775', '127624532995']",828100129195,0,False,ingest_batch_0001.csv
TIER_1_EXACT,45941749725,"['558912811465', '236465589734', '411179755796', '185355302949', '731411426050', '14291092389', '439408528102', '560619692957', '629677261633', '46751784980', '191550783767', '647092811967', '109509767630', '272214218342', '747624900543', '541219568659', '213078951224', '393378757510', '847833819077', '261082264295', '459478784298', '150262174723', '471488049694', '900714240805', '916909970832']",558912811465,0,False,ingest_batch_0001.csv
TIER_1_EXACT,998013621356,"['236465589734', '411179755796', '185355302949', '731411426050', '14291092389', '439408528102', '560619692957', '629677261633', '46751784980', '191550783767', '647092811967', '109509767630', '272214218342', '747624900543', '541219568659', '213078951224', '393378757510', '847833819077', '261082264295', '459478784298', '150262174723', '471488049694', '900714240805', '916909970832']",236465589734,0,False,ingest_batch_0001.csv
TIER_1_EXACT,46144927063,"['732872833593', '958000852318', '271097358549', '663436293575', '648596890428', '266320339829', '504192101334', '86052369141', '87538002211', '306067547937', '575852635597', '214176426045', '109954043300', '925305231353', '56794090735', '216175046342', '316486445695', '15149193656', '823216519586', '579934389547', '619567533809', '59619221737', '45005280775', '127624532995']",732872833593,0,False,ingest_batch_0001.csv
TIER_1_EXACT,19474013408,"['411179755796', '185355302949', '731411426050', '14291092389', '439408528102', '560619692957', '629677261633', '46751784980', '191550783767', '647092811967', '109509767630', '272214218342', '747624900543', '541219568659', '213078951224', '393378757510', '847833819077', '261082264295', '459478784298', '150262174723', '471488049694', '900714240805', '916909970832']",411179755796,0,False,ingest_batch_0001.csv
TIER_1_EXACT,718342247553,"['958000852318', '271097358549', '663436293575', '648596890428', '266320339829', '504192101334', '86052369141', '87538002211', '306067547937', '575852635597', '214176426045', '109954043300', '925305231353', '56794090735', '216175046342', '316486445695', '15149193656', '823216519586', '579934389547', '619567533809', '59619221737', '45005280775', '127624532995']",958000852318,0,False,ingest_batch_0001.csv
TIER_1_EXACT,54265083299,"['247960793436', '164535240845', '581554053093', '707303040753', '494225322841', '53015696742', '937469836935', '911122414856', '886346790346', '277293527921']",247960793436,0,False,ingest_batch_0001.csv
TIER_1_EXACT,475188896878,"['164535240845', '581554053093', '707303040753', '494225322841', '53015696742', '937469836935', '911122414856', '886346790346', '277293527921']",164535240845,0,False,ingest_batch_0001.csv
TIER_1_EXACT,316782040263,"['581554053093', '707303040753', '494225322841', '53015696742', '937469836935', '911122414856', '886346790346', '277293527921']",581554053093,0,False,ingest_batch_0001.csv
TIER_1_EXACT,408571542428,"['271097358549', '663436293575', '648596890428', '266320339829', '504192101334', '86052369141', '87538002211', '306067547937', '575852635597', '214176426045', '109954043300', '925305231353', '56794090735', '216175046342', '316486445695', '15149193656', '823216519586', '579934389547', '619567533809', '59619221737', '45005280775', '127624532995']",271097358549,0,False,ingest_batch_0001.csv
TIER_1_EXACT,289675469116,"['185355302949', '731411426050', '14291092389', '439408528102', '560619692957', '629677261633', '46751784980', '191550783767', '647092811967', '109509767630', '272214218342', '747624900543', '541219568659', '213078951224', '393378757510', '847833819077', '261082264295', '459478784298', '150262174723', '471488049694', '900714240805', '916909970832']",185355302949,0,False,ingest_batch_0001.csv
TIER_1_EXACT,287490735751,"['108418901849', '80102757515']",108418901849,0,False,ingest_batch_0001.csv
TIER_1_EXACT,749569363550,"['566065624018', '161881865385', '655269256782']",566065624018,0,False,ingest_batch_0001.csv
TIER_1_EXACT,717205900437,"['707303040753', '494225322841', '53015696742', '937469836935', '911122414856', '886346790346', '277293527921']",707303040753,0,False,ingest_batch_0001.csv
TIER_1_EXACT,534088941281,"['786266571662', '550457470516']",786266571662,0,False,ingest_batch_0001.csv
TIER_1_EXACT,79704936177,"['979150614928', '257481660020', '345537721759', '529869601240']",979150614928,0,False,ingest_batch_0001.csv
TIER_1_EXACT,722368795913,"['360791666812', '723971622423']",360791666812,1,True,ingest_batch_0001.csv
TIER_4_AMOUNT_TOLERANCE,484722453020,"['881992115441', '728897405251']",881992115441,0,False,ingest_batch_0001.csv
TIER_1_EXACT,546476452721,"['494225322841', '53015696742', '937469836935', '911122414856', '886346790346', '277293527921']",494225322841,0,False,ingest_batch_0001.csv
TIER_1_EXACT,500310075807,"['53015696742', '937469836935', '911122414856', '886346790346', '277293527921']",53015696742,0,False,ingest_batch_0001.csv
TIER_1_EXACT,768453711361,"['731411426050', '14291092389', '439408528102', '560619692957', '629677261633', '46751784980', '191550783767', '647092811967', '109509767630', '272214218342', '747624900543', '541219568659', '213078951224', '393378757510', '847833819077', '261082264295', '459478784298', '150262174723', '471488049694', '900714240805', '916909970832']",731411426050,0,False,ingest_batch_0001.csv
TIER_1_EXACT,537993172379,"['14291092389', '439408528102', '560619692957', '629677261633', '46751784980', '191550783767', '647092811967', '109509767630', '272214218342', '747624900543', '541219568659', '213078951224', '393378757510', '847833819077', '261082264295', '459478784298', '150262174723', '471488049694', '900714240805', '916909970832']",14291092389,0,False,ingest_batch_0001.csv
TIER_1_EXACT,33335345113,"['937469836935', '911122414856', '886346790346', '277293527921']",937469836935,0,False,ingest_batch_0001.csv
TIER_1_EXACT,537920032126,"['77934669093', '201164522483', '617322183157', '336991228609', '973832055916', '809524434757', '35950649109', '715963200675', '242190620765']",77934669093,0,False,ingest_batch_0001.csv
TIER_1_EXACT,943467982921,"['911122414856', '886346790346', '277293527921']",911122414856,0,False,ingest_batch_0001.csv
TIER_1_EXACT,585668955456,"['663436293575', '648596890428', '266320339829', '504192101334', '86052369141', '87538002211', '306067547937', '575852635597', '214176426045', '109954043300', '925305231353', '56794090735', '216175046342', '316486445695', '15149193656', '823216519586', '579934389547', '619567533809', '59619221737', '45005280775', '127624532995']",663436293575,0,False,ingest_batch_0001.csv
TIER_1_EXACT,681829444767,"['648596890428', '266320339829', '504192101334', '86052369141', '87538002211', '306067547937', '575852635597', '214176426045', '109954043300', '925305231353', '56794090735', '216175046342', '316486445695', '15149193656', '823216519586', '579934389547', '619567533809', '59619221737', '45005280775', '127624532995']",648596890428,0,False,ingest_batch_0001.csv
TIER_1_EXACT,835921454123,"['402434894062', '116271029030', '922539248916']",402434894062,0,False,ingest_batch_0001.csv
TIER_1_EXACT,53670178094,"['439408528102', '560619692957', '629677261633', '46751784980', '191550783767', '647092811967', '109509767630', '272214218342', '747624900543', '541219568659', '213078951224', '393378757510', '847833819077', '261082264295', '459478784298', '150262174723', '471488049694', '900714240805', '916909970832']",439408528102,0,False,ingest_batch_0001.csv
TIER_1_EXACT,792564188628,"['266320339829', '504192101334', '86052369141', '87538002211', '306067547937', '575852635597', '214176426045', '109954043300', '925305231353', '56794090735', '216175046342', '316486445695', '15149193656', '823216519586', '579934389547', '619567533809', '59619221737', '45005280775', '127624532995']",266320339829,0,False,ingest_batch_0001.csv
TIER_1_EXACT,42273942663,"['87669556366', '76350576849']",87669556366,0,False,ingest_batch_0001.csv
TIER_1_EXACT,77936600698,"['55452148091', '634926644738']",55452148091,0,False,ingest_batch_0001.csv
TIER_1_EXACT,802966924394,"['560619692957', '629677261633', '46751784980', '191550783767', '647092811967', '109509767630', '272214218342', '747624900543', '541219568659', '213078951224', '393378757510', '847833819077', '261082264295', '459478784298', '150262174723', '471488049694', '900714240805', '916909970832']",560619692957,0,False,ingest_batch_0001.csv
TIER_1_EXACT,919023291879,"['504192101334', '86052369141', '87538002211', '306067547937', '575852635597', '214176426045', '109954043300', '925305231353', '56794090735', '216175046342', '316486445695', '15149193656', '823216519586', '579934389547', '619567533809', '59619221737', '45005280775', '127624532995']",504192101334,0,False,ingest_batch_0001.csv
TIER_1_EXACT,930220069628,"['629677261633', '46751784980', '191550783767', '647092811967', '109509767630', '272214218342', '747624900543', '541219568659', '213078951224', '393378757510', '847833819077', '261082264295', '459478784298', '150262174723', '471488049694', '900714240805', '916909970832']",629677261633,0,False,ingest_batch_0001.csv
TIER_1_EXACT,959003796282,"['886346790346', '277293527921']",886346790346,0,False,ingest_batch_0001.csv
TIER_1_EXACT,515298834178,"['46751784980', '191550783767', '647092811967', '109509767630', '272214218342', '747624900543', '541219568659', '213078951224', '393378757510', '847833819077', '261082264295', '459478784298', '150262174723', '471488049694', '900714240805', '916909970832']",46751784980,0,False,ingest_batch_0001.csv
TIER_1_EXACT,50471431960,"['86052369141', '87538002211', '306067547937', '575852635597', '214176426045', '109954043300', '925305231353', '56794090735', '216175046342', '316486445695', '15149193656', '823216519586', '579934389547', '619567533809', '59619221737', '45005280775', '127624532995']",86052369141,0,False,ingest_batch_0001.csv
TIER_1_EXACT,71472332182,"['191550783767', '647092811967', '109509767630', '272214218342', '747624900543', '541219568659', '213078951224', '393378757510', '847833819077', '261082264295', '459478784298', '150262174723', '471488049694', '900714240805', '916909970832']",191550783767,0,False,ingest_batch_0001.csv
TIER_1_EXACT,645253286080,"['647092811967', '109509767630', '272214218342', '747624900543', '541219568659', '213078951224', '393378757510', '847833819077', '261082264295', '459478784298', '150262174723', '471488049694', '900714240805', '916909970832']",647092811967,0,False,ingest_batch_0001.csv
TIER_1_EXACT,467833647367,"['257481660020', '345537721759', '529869601240']",257481660020,0,False,ingest_batch_0001.csv
TIER_1_EXACT,450813814823,"['201164522483', '617322183157', '336991228609', '973832055916', '809524434757', '35950649109', '715963200675', '242190620765']",201164522483,0,False,ingest_batch_0001.csv
TIER_1_EXACT,131439243910,"['334200522061', '203900960799', '964652380463']",334200522061,0,False,ingest_batch_0001.csv
TIER_1_EXACT,330755432861,"['617322183157', '336991228609', '973832055916', '809524434757', '35950649109', '715963200675', '242190620765']",617322183157,0,False,ingest_batch_0001.csv
TIER_1_EXACT,169877822502,"['87538002211', '306067547937', '575852635597', '214176426045', '109954043300', '925305231353', '56794090735', '216175046342', '316486445695', '15149193656', '823216519586', '579934389547', '619567533809', '59619221737', '45005280775', '127624532995']",87538002211,0,False,ingest_batch_0001.csv
TIER_1_EXACT,46318505930,"['306067547937', '575852635597', '214176426045', '109954043300', '925305231353', '56794090735', '216175046342', '316486445695', '15149193656', '823216519586', '579934389547', '619567533809', '59619221737', '45005280775', '127624532995']",306067547937,0,False,ingest_batch_0001.csv
TIER_1_EXACT,47963060159,"['109509767630', '272214218342', '747624900543', '541219568659', '213078951224', '393378757510', '847833819077', '261082264295', '459478784298', '150262174723', '471488049694', '900714240805', '916909970832']",109509767630,0,False,ingest_batch_0001.csv
TIER_1_EXACT,695333649967,"['272214218342', '747624900543', '541219568659', '213078951224', '393378757510', '847833819077', '261082264295', '459478784298', '150262174723', '471488049694', '900714240805', '916909970832']",272214218342,0,False,ingest_batch_0001.csv
TIER_1_EXACT,109939099528,"['747624900543', '541219568659', '213078951224', '393378757510', '847833819077', '261082264295', '459478784298', '150262174723', '471488049694', '900714240805', '916909970832']",747624900543,0,False,ingest_batch_0001.csv
TIER_1_EXACT,636038133432,"['336991228609', '973832055916', '809524434757', '35950649109', '715963200675', '242190620765']",336991228609,0,False,ingest_batch_0001.csv
TIER_1_EXACT,967403215357,"['724299149529', '778689385673']",724299149529,0,False,ingest_batch_0001.csv
TIER_1_EXACT,989154508037,"['575852635597', '214176426045', '109954043300', '925305231353', '56794090735', '216175046342', '316486445695', '15149193656', '823216519586', '579934389547', '619567533809', '59619221737', '45005280775', '127624532995']",575852635597,0,False,ingest_batch_0001.csv
TIER_1_EXACT,673205193725,"['214176426045', '109954043300', '925305231353', '56794090735', '216175046342', '316486445695', '15149193656', '823216519586', '579934389547', '619567533809', '59619221737', '45005280775', '127624532995']",214176426045,0,False,ingest_batch_0001.csv
TIER_1_EXACT,666443912041,"['973832055916', '809524434757', '35950649109', '715963200675', '242190620765']",973832055916,0,False,ingest_batch_0001.csv
TIER_1_EXACT,606114745567,"['345537721759', '529869601240']",345537721759,0,False,ingest_batch_0001.csv
TIER_1_EXACT,347357240193,"['161881865385', '655269256782']",161881865385,0,False,ingest_batch_0001.csv
TIER_1_EXACT,967046512798,"['809524434757', '35950649109', '715963200675', '242190620765']",809524434757,0,False,ingest_batch_0001.csv
TIER_1_EXACT,876660371942,"['203900960799', '964652380463']",203900960799,0,False,ingest_batch_0001.csv
TIER_1_EXACT,308717136484,"['541219568659', '213078951224', '393378757510', '847833819077', '261082264295', '459478784298', '150262174723', '471488049694', '900714240805', '916909970832']",541219568659,0,False,ingest_batch_0001.csv
TIER_1_EXACT,328803000727,"['109954043300', '925305231353', '56794090735', '216175046342', '316486445695', '15149193656', '823216519586', '579934389547', '619567533809', '59619221737', '45005280775', '127624532995']",109954043300,0,False,ingest_batch_0001.csv
TIER_1_EXACT,649122428890,"['35950649109', '715963200675', '242190620765']",35950649109,0,False,ingest_batch_0001.csv
TIER_1_EXACT,192885083911,"['925305231353', '56794090735', '216175046342', '316486445695', '15149193656', '823216519586', '579934389547', '619567533809', '59619221737', '45005280775', '127624532995']",925305231353,0,False,ingest_batch_0001.csv
TIER_1_EXACT,140912616757,"['116271029030', '922539248916']",116271029030,0,False,ingest_batch_0001.csv
TIER_1_EXACT,368418983505,"['56794090735', '216175046342', '316486445695', '15149193656', '823216519586', '579934389547', '619567533809', '59619221737', '45005280775', '127624532995']",56794090735,0,False,ingest_batch_0001.csv
TIER_1_EXACT,413926173568,"['213078951224', '393378757510', '847833819077', '261082264295', '459478784298', '150262174723', '471488049694', '900714240805', '916909970832']",213078951224,0,False,ingest_batch_0001.csv
TIER_1_EXACT,113024764559,"['393378757510', '847833819077', '261082264295', '459478784298', '150262174723', '471488049694', '900714240805', '916909970832']",393378757510,0,False,ingest_batch_0001.csv
TIER_1_EXACT,140005942193,"['216175046342', '316486445695', '15149193656', '823216519586', '579934389547', '619567533809', '59619221737', '45005280775', '127624532995']",216175046342,0,False,ingest_batch_0001.csv
TIER_1_EXACT,200770493212,"['316486445695', '15149193656', '823216519586', '579934389547', '619567533809', '59619221737', '45005280775', '127624532995']",316486445695,0,False,ingest_batch_0001.csv
TIER_1_EXACT,428369726478,"['15149193656', '823216519586', '579934389547', '619567533809', '59619221737', '45005280775', '127624532995']",15149193656,0,False,ingest_batch_0001.csv
TIER_1_EXACT,144867847739,"['823216519586', '579934389547', '619567533809', '59619221737', '45005280775', '127624532995']",823216519586,0,False,ingest_batch_0001.csv
TIER_1_EXACT,896479285482,"['579934389547', '619567533809', '59619221737', '45005280775', '127624532995']",579934389547,0,False,ingest_batch_0001.csv
TIER_1_EXACT,721430799786,"['619567533809', '59619221737', '45005280775', '127624532995']",619567533809,0,False,ingest_batch_0001.csv
TIER_1_EXACT,804848307659,"['847833819077', '261082264295', '459478784298', '150262174723', '471488049694', '900714240805', '916909970832']",847833819077,0,False,ingest_batch_0001.csv
TIER_1_EXACT,152638406464,"['261082264295', '459478784298', '150262174723', '471488049694', '900714240805', '916909970832']",261082264295,0,False,ingest_batch_0001.csv
TIER_1_EXACT,636471156173,"['59619221737', '45005280775', '127624532995']",59619221737,0,False,ingest_batch_0001.csv
TIER_1_EXACT,779017402603,"['45005280775', '127624532995']",45005280775,0,False,ingest_batch_0001.csv
TIER_1_EXACT,413586825766,"['715963200675', '242190620765']",715963200675,0,False,ingest_batch_0001.csv
TIER_1_EXACT,75959780527,"['459478784298', '150262174723', '471488049694', '900714240805', '916909970832']",459478784298,0,False,ingest_batch_0001.csv
TIER_1_EXACT,906041247574,"['150262174723', '471488049694', '900714240805', '916909970832']",150262174723,0,False,ingest_batch_0001.csv
TIER_1_EXACT,804724378537,"['471488049694', '900714240805', '916909970832']",471488049694,0,False,ingest_batch_0001.csv
TIER_1_EXACT,37717998902,"['900714240805', '916909970832']",900714240805,0,False,ingest_batch_0001.csv
TIER_1_EXACT,888429084592,"['373610780648', '65393590742', '400957293917', '373267867710', '192674348526', '315877972495', '24462589306', '23170009089', '677292256529', '427872211937', '3125374641', '290680513045', '730084082001', '485793217249', '674225747674', '349337412261']",373610780648,0,False,ingest_batch_0001.csv
TIER_1_EXACT,912249379604,"['192246350491', '272548129376']",192246350491,1,True,ingest_batch_0001.csv
TIER_1_EXACT,745090189955,"['883543683316', '566306411806']",883543683316,0,False,ingest_batch_0001.csv
TIER_1_EXACT,283681105976,"['870844505395', '8501513546', '703760901032', '658136571052', '640846935213', '796945195231', '682730120637', '937429094149', '94508144573', '404501565936', '797644004794', '749358811213', '94136716635', '650779745147', '631203994520', '996527134266', '419426225476', '777270367435', '605944387518', '522552210262', '174250237797', '525101768874', '305649949104', '876617636937', '78973828521', '741709888681', '97062811502', '127882790094', '460539844183', '214686643641', '246672828473', '72989975261', '854693720663', '848302690618', '283092779939', '114863308428', '71485516240', '242450648271', '312138480957']",870844505395,0,False,ingest_batch_0001.csv
TIER_1_EXACT,860300278913,"['8501513546', '703760901032', '658136571052', '640846935213', '796945195231', '682730120637', '937429094149', '94508144573', '404501565936', '797644004794', '749358811213', '94136716635', '650779745147', '631203994520', '996527134266', '419426225476', '777270367435', '605944387518', '522552210262', '174250237797', '525101768874', '305649949104', '876617636937', '78973828521', '741709888681', '97062811502', '127882790094', '460539844183', '214686643641', '246672828473', '72989975261', '854693720663', '848302690618', '283092779939', '114863308428', '71485516240', '242450648271', '312138480957']",8501513546,0,False,ingest_batch_0001.csv
TIER_1_EXACT,242541986566,"['358968442061', '71467113994', '828593207815', '979992770414', '554062659582', '180075555570', '82596901939', '141513488428', '483208765310', '947709856527', '429269901928', '559200795198', '916716772799']",358968442061,0,False,ingest_batch_0001.csv
TIER_1_EXACT,640230067325,"['60690369909', '344725022633', '564900569855']",60690369909,0,False,ingest_batch_0001.csv
TIER_1_EXACT,210875234345,"['429509854465', '195493913591', '267672024394']",429509854465,0,False,ingest_batch_0001.csv
TIER_1_EXACT,459047324856,"['522230180575', '190532195611', '763623167656', '656229618930', '798520877141', '459630869840', '131453647633', '417625035332', '487278083099', '318922737233', '974670701809', '277007327075', '287306932973', '941765328913', '85689843216', '769687112844', '279400280081', '791475607182']",522230180575,0,False,ingest_batch_0001.csv
TIER_1_EXACT,554252211078,"['71467113994', '828593207815', '979992770414', '554062659582', '180075555570', '82596901939', '141513488428', '483208765310', '947709856527', '429269901928', '559200795198', '916716772799']",71467113994,0,False,ingest_batch_0001.csv
TIER_1_EXACT,418427703125,"['703760901032', '658136571052', '640846935213', '796945195231', '682730120637', '937429094149', '94508144573', '404501565936', '797644004794', '749358811213', '94136716635', '650779745147', '631203994520', '996527134266', '419426225476', '777270367435', '605944387518', '522552210262', '174250237797', '525101768874', '305649949104', '876617636937', '78973828521', '741709888681', '97062811502', '127882790094', '460539844183', '214686643641', '246672828473', '72989975261', '854693720663', '848302690618', '283092779939', '114863308428', '71485516240', '242450648271', '312138480957']",703760901032,0,False,ingest_batch_0001.csv
TIER_1_EXACT,170292563611,"['361520194530', '904450952992']",361520194530,1,True,ingest_batch_0001.csv
TIER_1_EXACT,735199344982,"['379305493616', '10694413313', '547633886846', '798449810070', '156498264887', '343813081585', '544922524346', '688213471755', '513385018421', '147487281468', '984284025764', '744904784338', '993034109116', '493785561994', '663307607140', '991212390657', '354352135939', '21640041204', '466114972291', '450053949298', '699779590240', '534810703155', '220959106260', '927314809658', '227059988163', '191392253331', '558232210204', '102283764873', '917513032164', '429024827273', '898193005519', '74195931568', '784836879274', '880481905998', '758587226811', '461085488212', '135843188065', '762258332727', '951441471643', '54095042091', '594208825338', '995851825030', '551130559724', '597389291349', '526948646744', '275554762637', '354864051599', '853150068318']",379305493616,0,False,ingest_batch_0001.csv
TIER_1_EXACT,964488365301,"['10694413313', '547633886846', '798449810070', '156498264887', '343813081585', '544922524346', '688213471755', '513385018421', '147487281468', '984284025764', '744904784338', '993034109116', '493785561994', '663307607140', '991212390657', '354352135939', '21640041204', '466114972291', '450053949298', '699779590240', '534810703155', '220959106260', '927314809658', '227059988163', '191392253331', '558232210204', '102283764873', '917513032164', '429024827273', '898193005519', '74195931568', '784836879274', '880481905998', '758587226811', '461085488212', '135843188065', '762258332727', '951441471643', '54095042091', '594208825338', '995851825030', '551130559724', '597389291349', '526948646744', '275554762637', '354864051599', '853150068318']",10694413313,0,False,ingest_batch_0001.csv
TIER_1_EXACT,651557083547,"['748500356000', '915452732545', '844663046938', '386194459318', '318789022887', '847811111225']",748500356000,0,False,ingest_batch_0001.csv
TIER_1_EXACT,601095749308,"['547633886846', '798449810070', '156498264887', '343813081585', '544922524346', '688213471755', '513385018421', '147487281468', '984284025764', '744904784338', '993034109116', '493785561994', '663307607140', '991212390657', '354352135939', '21640041204', '466114972291', '450053949298', '699779590240', '534810703155', '220959106260', '927314809658', '227059988163', '191392253331', '558232210204', '102283764873', '917513032164', '429024827273', '898193005519', '74195931568', '784836879274', '880481905998', '758587226811', '461085488212', '135843188065', '762258332727', '951441471643', '54095042091', '594208825338', '995851825030', '551130559724', '597389291349', '526948646744', '275554762637', '354864051599', '853150068318']",547633886846,0,False,ingest_batch_0001.csv
TIER_1_EXACT,908701370969,"['141258979050', '998670466111']",141258979050,0,False,ingest_batch_0001.csv
TIER_1_EXACT,441627947722,"['828593207815', '979992770414', '554062659582', '180075555570', '82596901939', '141513488428', '483208765310', '947709856527', '429269901928', '559200795198', '916716772799']",828593207815,0,False,ingest_batch_0001.csv
TIER_1_EXACT,809772310581,"['506267041799', '816978496343', '674941019492', '210183644127', '487545434341', '796592452488', '157150923448', '646357365553', '681288703017', '78305584883', '124382860181', '857222094071', '854672757527', '777536274882', '273139787738', '252299604763', '340948368837', '960271778729', '136343131700', '644396672422']",506267041799,0,False,ingest_batch_0001.csv
TIER_1_EXACT,339768217258,"['658136571052', '640846935213', '796945195231', '682730120637', '937429094149', '94508144573', '404501565936', '797644004794', '749358811213', '94136716635', '650779745147', '631203994520', '996527134266', '419426225476', '777270367435', '605944387518', '522552210262', '174250237797', '525101768874', '305649949104', '876617636937', '78973828521', '741709888681', '97062811502', '127882790094', '460539844183', '214686643641', '246672828473', '72989975261', '854693720663', '848302690618', '283092779939', '114863308428', '71485516240', '242450648271', '312138480957']",658136571052,0,False,ingest_batch_0001.csv
TIER_1_EXACT,348216766939,"['640846935213', '796945195231', '682730120637', '937429094149', '94508144573', '404501565936', '797644004794', '749358811213', '94136716635', '650779745147', '631203994520', '996527134266', '419426225476', '777270367435', '605944387518', '522552210262', '174250237797', '525101768874', '305649949104', '876617636937', '78973828521', '741709888681', '97062811502', '127882790094', '460539844183', '214686643641', '246672828473', '72989975261', '854693720663', '848302690618', '283092779939', '114863308428', '71485516240', '242450648271', '312138480957']",640846935213,0,False,ingest_batch_0001.csv
TIER_1_EXACT,802049377213,"['796945195231', '682730120637', '937429094149', '94508144573', '404501565936', '797644004794', '749358811213', '94136716635', '650779745147', '631203994520', '996527134266', '419426225476', '777270367435', '605944387518', '522552210262', '174250237797', '525101768874', '305649949104', '876617636937', '78973828521', '741709888681', '97062811502', '127882790094', '460539844183', '214686643641', '246672828473', '72989975261', '854693720663', '848302690618', '283092779939', '114863308428', '71485516240', '242450648271', '312138480957']",796945195231,0,False,ingest_batch_0001.csv
TIER_1_EXACT,824585806828,"['982812925468', '388650872916']",982812925468,1,True,ingest_batch_0001.csv
TIER_1_EXACT,937337620507,"['682730120637', '937429094149', '94508144573', '404501565936', '797644004794', '749358811213', '94136716635', '650779745147', '631203994520', '996527134266', '419426225476', '777270367435', '605944387518', '522552210262', '174250237797', '525101768874', '305649949104', '876617636937', '78973828521', '741709888681', '97062811502', '127882790094', '460539844183', '214686643641', '246672828473', '72989975261', '854693720663', '848302690618', '283092779939', '114863308428', '71485516240', '242450648271', '312138480957']",682730120637,0,False,ingest_batch_0001.csv
TIER_1_EXACT,668610884506,"['865710852352', '384617861864']",865710852352,0,False,ingest_batch_0001.csv
TIER_1_EXACT,122815008169,"['816978496343', '674941019492', '210183644127', '487545434341', '796592452488', '157150923448', '646357365553', '681288703017', '78305584883', '124382860181', '857222094071', '854672757527', '777536274882', '273139787738', '252299604763', '340948368837', '960271778729', '136343131700', '644396672422']",816978496343,0,False,ingest_batch_0001.csv
TIER_1_EXACT,974313321468,"['33232221309', '107750988654']",33232221309,0,False,ingest_batch_0001.csv
TIER_1_EXACT,156654682979,"['235344597148', '521693090695']",235344597148,0,False,ingest_batch_0001.csv
TIER_1_EXACT,674078829026,"['497025918583', '19606713533', '983241753694', '545552574121']",497025918583,0,False,ingest_batch_0001.csv
TIER_1_EXACT,468590195774,"['798449810070', '156498264887', '343813081585', '544922524346', '688213471755', '513385018421', '147487281468', '984284025764', '744904784338', '993034109116', '493785561994', '663307607140', '991212390657', '354352135939', '21640041204', '466114972291', '450053949298', '699779590240', '534810703155', '220959106260', '927314809658', '227059988163', '191392253331', '558232210204', '102283764873', '917513032164', '429024827273', '898193005519', '74195931568', '784836879274', '880481905998', '758587226811', '461085488212', '135843188065', '762258332727', '951441471643', '54095042091', '594208825338', '995851825030', '551130559724', '597389291349', '526948646744', '275554762637', '354864051599', '853150068318']",798449810070,0,False,ingest_batch_0001.csv
TIER_1_EXACT,130356031506,"['156498264887', '343813081585', '544922524346', '688213471755', '513385018421', '147487281468', '984284025764', '744904784338', '993034109116', '493785561994', '663307607140', '991212390657', '354352135939', '21640041204', '466114972291', '450053949298', '699779590240', '534810703155', '220959106260', '927314809658', '227059988163', '191392253331', '558232210204', '102283764873', '917513032164', '429024827273', '898193005519', '74195931568', '784836879274', '880481905998', '758587226811', '461085488212', '135843188065', '762258332727', '951441471643', '54095042091', '594208825338', '995851825030', '551130559724', '597389291349', '526948646744', '275554762637', '354864051599', '853150068318']",156498264887,0,False,ingest_batch_0001.csv
TIER_1_EXACT,669760076687,"['72130855873', '83665687201']",72130855873,1,True,ingest_batch_0001.csv
TIER_1_EXACT,142219169252,"['937429094149', '94508144573', '404501565936', '797644004794', '749358811213', '94136716635', '650779745147', '631203994520', '996527134266', '419426225476', '777270367435', '605944387518', '522552210262', '174250237797', '525101768874', '305649949104', '876617636937', '78973828521', '741709888681', '97062811502', '127882790094', '460539844183', '214686643641', '246672828473', '72989975261', '854693720663', '848302690618', '283092779939', '114863308428', '71485516240', '242450648271', '312138480957']",937429094149,0,False,ingest_batch_0001.csv
TIER_1_EXACT,285905253279,"['94508144573', '404501565936', '797644004794', '749358811213', '94136716635', '650779745147', '631203994520', '996527134266', '419426225476', '777270367435', '605944387518', '522552210262', '174250237797', '525101768874', '305649949104', '876617636937', '78973828521', '741709888681', '97062811502', '127882790094', '460539844183', '214686643641', '246672828473', '72989975261', '854693720663', '848302690618', '283092779939', '114863308428', '71485516240', '242450648271', '312138480957']",94508144573,0,False,ingest_batch_0001.csv
TIER_1_EXACT,297392510940,"['674941019492', '210183644127', '487545434341', '796592452488', '157150923448', '646357365553', '681288703017', '78305584883', '124382860181', '857222094071', '854672757527', '777536274882', '273139787738', '252299604763', '340948368837', '960271778729', '136343131700', '644396672422']",674941019492,0,False,ingest_batch_0001.csv
TIER_1_EXACT,673246779837,"['979992770414', '554062659582', '180075555570', '82596901939', '141513488428', '483208765310', '947709856527', '429269901928', '559200795198', '916716772799']",979992770414,0,False,ingest_batch_0001.csv
TIER_1_EXACT,756480770831,"['130623633089', '875351682268']",130623633089,0,False,ingest_batch_0001.csv
TIER_1_EXACT,157275309589,"['201128171064', '374729502937', '706434555836', '76600636199', '138521697166', '181906591669', '803244627706', '947057254457', '464824298621', '810077393405', '645927441125', '604999165332', '702738869116', '563496774715', '370951478260']",201128171064,0,False,ingest_batch_0001.csv
TIER_1_EXACT,39487562099,"['19606713533', '983241753694', '545552574121']",19606713533,0,False,ingest_batch_0001.csv
TIER_1_EXACT,563591818511,"['936110429722', '933359620604']",936110429722,0,False,ingest_batch_0001.csv
TIER_1_EXACT,443088130069,"['343813081585', '544922524346', '688213471755', '513385018421', '147487281468', '984284025764', '744904784338', '993034109116', '493785561994', '663307607140', '991212390657', '354352135939', '21640041204', '466114972291', '450053949298', '699779590240', '534810703155', '220959106260', '927314809658', '227059988163', '191392253331', '558232210204', '102283764873', '917513032164', '429024827273', '898193005519', '74195931568', '784836879274', '880481905998', '758587226811', '461085488212', '135843188065', '762258332727', '951441471643', '54095042091', '594208825338', '995851825030', '551130559724', '597389291349', '526948646744', '275554762637', '354864051599', '853150068318']",343813081585,0,False,ingest_batch_0001.csv
TIER_1_EXACT,383755286549,"['110401919516', '908838226433']",110401919516,0,False,ingest_batch_0001.csv
TIER_1_EXACT,853125440456,"['592238403347', '230164037881']",592238403347,0,False,ingest_batch_0001.csv
TIER_1_EXACT,999544104438,"['344725022633', '564900569855']",344725022633,0,False,ingest_batch_0001.csv
TIER_1_EXACT,303166703846,"['65393590742', '400957293917', '373267867710', '192674348526', '315877972495', '24462589306', '23170009089', '677292256529', '427872211937', '3125374641', '290680513045', '730084082001', '485793217249', '674225747674', '349337412261']",65393590742,0,False,ingest_batch_0001.csv
TIER_1_EXACT,815598996012,"['404501565936', '797644004794', '749358811213', '94136716635', '650779745147', '631203994520', '996527134266', '419426225476', '777270367435', '605944387518', '522552210262', '174250237797', '525101768874', '305649949104', '876617636937', '78973828521', '741709888681', '97062811502', '127882790094', '460539844183', '214686643641', '246672828473', '72989975261', '854693720663', '848302690618', '283092779939', '114863308428', '71485516240', '242450648271', '312138480957']",404501565936,0,False,ingest_batch_0001.csv
TIER_1_EXACT,387949223142,"['422581749471', '66441957506', '342160403525']",422581749471,0,False,ingest_batch_0001.csv
TIER_1_EXACT,451863400381,"['915452732545', '844663046938', '386194459318', '318789022887', '847811111225']",915452732545,0,False,ingest_batch_0001.csv
TIER_1_EXACT,812115831949,"['544922524346', '688213471755', '513385018421', '147487281468', '984284025764', '744904784338', '993034109116', '493785561994', '663307607140', '991212390657', '354352135939', '21640041204', '466114972291', '450053949298', '699779590240', '534810703155', '220959106260', '927314809658', '227059988163', '191392253331', '558232210204', '102283764873', '917513032164', '429024827273', '898193005519', '74195931568', '784836879274', '880481905998', '758587226811', '461085488212', '135843188065', '762258332727', '951441471643', '54095042091', '594208825338', '995851825030', '551130559724', '597389291349', '526948646744', '275554762637', '354864051599', '853150068318']",544922524346,0,False,ingest_batch_0001.csv
TIER_1_EXACT,324584997315,"['193911182914', '364428117287', '347798551222', '223675755027', '556700935308', '46539991920', '248863684604', '417717036504', '952844195307', '584097107', '950609312820', '738076409648', '79816120482', '782617750802']",193911182914,0,False,ingest_batch_0001.csv
TIER_1_EXACT,532322592877,"['86874021523', '985343329460']",86874021523,1,True,ingest_batch_0001.csv
TIER_1_EXACT,253235123570,"['210183644127', '487545434341', '796592452488', '157150923448', '646357365553', '681288703017', '78305584883', '124382860181', '857222094071', '854672757527', '777536274882', '273139787738', '252299604763', '340948368837', '960271778729', '136343131700', '644396672422']",210183644127,0,False,ingest_batch_0001.csv
TIER_1_EXACT,711767284160,"['688213471755', '513385018421', '147487281468', '984284025764', '744904784338', '993034109116', '493785561994', '663307607140', '991212390657', '354352135939', '21640041204', '466114972291', '450053949298', '699779590240', '534810703155', '220959106260', '927314809658', '227059988163', '191392253331', '558232210204', '102283764873', '917513032164', '429024827273', '898193005519', '74195931568', '784836879274', '880481905998', '758587226811', '461085488212', '135843188065', '762258332727', '951441471643', '54095042091', '594208825338', '995851825030', '551130559724', '597389291349', '526948646744', '275554762637', '354864051599', '853150068318']",688213471755,0,False,ingest_batch_0001.csv
TIER_1_EXACT,449088335893,"['715761600186', '613657889178']",715761600186,0,False,ingest_batch_0001.csv
TIER_1_EXACT,259268634967,"['500779905629', '928697070639']",500779905629,0,False,ingest_batch_0001.csv
TIER_1_EXACT,417195513942,"['513385018421', '147487281468', '984284025764', '744904784338', '993034109116', '493785561994', '663307607140', '991212390657', '354352135939', '21640041204', '466114972291', '450053949298', '699779590240', '534810703155', '220959106260', '927314809658', '227059988163', '191392253331', '558232210204', '102283764873', '917513032164', '429024827273', '898193005519', '74195931568', '784836879274', '880481905998', '758587226811', '461085488212', '135843188065', '762258332727', '951441471643', '54095042091', '594208825338', '995851825030', '551130559724', '597389291349', '526948646744', '275554762637', '354864051599', '853150068318']",513385018421,0,False,ingest_batch_0001.csv
TIER_1_EXACT,228915811410,"['844663046938', '386194459318', '318789022887', '847811111225']",844663046938,0,False,ingest_batch_0001.csv
TIER_1_EXACT,313555922012,"['525843228656', '116956593135']",525843228656,0,False,ingest_batch_0001.csv
TIER_1_EXACT,871355136741,"['400957293917', '373267867710', '192674348526', '315877972495', '24462589306', '23170009089', '677292256529', '427872211937', '3125374641', '290680513045', '730084082001', '485793217249', '674225747674', '349337412261']",400957293917,0,False,ingest_batch_0001.csv
TIER_1_EXACT,267875188288,"['625625604561', '887505310048']",625625604561,0,False,ingest_batch_0001.csv
TIER_1_EXACT,988832995519,"['364428117287', '347798551222', '223675755027', '556700935308', '46539991920', '248863684604', '417717036504', '952844195307', '584097107', '950609312820', '738076409648', '79816120482', '782617750802']",364428117287,0,False,ingest_batch_0001.csv
TIER_1_EXACT,95946260317,"['147487281468', '984284025764', '744904784338', '993034109116', '493785561994', '663307607140', '991212390657', '354352135939', '21640041204', '466114972291', '450053949298', '699779590240', '534810703155', '220959106260', '927314809658', '227059988163', '191392253331', '558232210204', '102283764873', '917513032164', '429024827273', '898193005519', '74195931568', '784836879274', '880481905998', '758587226811', '461085488212', '135843188065', '762258332727', '951441471643', '54095042091', '594208825338', '995851825030', '551130559724', '597389291349', '526948646744', '275554762637', '354864051599', '853150068318']",147487281468,0,False,ingest_batch_0001.csv
TIER_1_EXACT,258889147485,"['347798551222', '223675755027', '556700935308', '46539991920', '248863684604', '417717036504', '952844195307', '584097107', '950609312820', '738076409648', '79816120482', '782617750802']",347798551222,0,False,ingest_batch_0001.csv
TIER_1_EXACT,351408939535,"['487545434341', '796592452488', '157150923448', '646357365553', '681288703017', '78305584883', '124382860181', '857222094071', '854672757527', '777536274882', '273139787738', '252299604763', '340948368837', '960271778729', '136343131700', '644396672422']",487545434341,0,False,ingest_batch_0001.csv
TIER_1_EXACT,313777968759,"['984284025764', '744904784338', '993034109116', '493785561994', '663307607140', '991212390657', '354352135939', '21640041204', '466114972291', '450053949298', '699779590240', '534810703155', '220959106260', '927314809658', '227059988163', '191392253331', '558232210204', '102283764873', '917513032164', '429024827273', '898193005519', '74195931568', '784836879274', '880481905998', '758587226811', '461085488212', '135843188065', '762258332727', '951441471643', '54095042091', '594208825338', '995851825030', '551130559724', '597389291349', '526948646744', '275554762637', '354864051599', '853150068318']",984284025764,0,False,ingest_batch_0001.csv
TIER_1_EXACT,646764585919,"['373267867710', '192674348526', '315877972495', '24462589306', '23170009089', '677292256529', '427872211937', '3125374641', '290680513045', '730084082001', '485793217249', '674225747674', '349337412261']",373267867710,0,False,ingest_batch_0001.csv
TIER_1_EXACT,794391483649,"['744904784338', '993034109116', '493785561994', '663307607140', '991212390657', '354352135939', '21640041204', '466114972291', '450053949298', '699779590240', '534810703155', '220959106260', '927314809658', '227059988163', '191392253331', '558232210204', '102283764873', '917513032164', '429024827273', '898193005519', '74195931568', '784836879274', '880481905998', '758587226811', '461085488212', '135843188065', '762258332727', '951441471643', '54095042091', '594208825338', '995851825030', '551130559724', '597389291349', '526948646744', '275554762637', '354864051599', '853150068318']",744904784338,0,False,ingest_batch_0001.csv
TIER_1_EXACT,433082291729,"['669463356390', '643855035893']",669463356390,0,False,ingest_batch_0001.csv
TIER_1_EXACT,409816215073,"['680783049264', '214936818314', '42899087122', '679824425117', '523091385685']",680783049264,0,False,ingest_batch_0001.csv
TIER_1_EXACT,345115608003,"['192674348526', '315877972495', '24462589306', '23170009089', '677292256529', '427872211937', '3125374641', '290680513045', '730084082001', '485793217249', '674225747674', '349337412261']",192674348526,0,False,ingest_batch_0001.csv
TIER_1_EXACT,984001880555,"['372828656743', '468249425842']",372828656743,1,True,ingest_batch_0001.csv
TIER_1_EXACT,615926287619,"['993034109116', '493785561994', '663307607140', '991212390657', '354352135939', '21640041204', '466114972291', '450053949298', '699779590240', '534810703155', '220959106260', '927314809658', '227059988163', '191392253331', '558232210204', '102283764873', '917513032164', '429024827273', '898193005519', '74195931568', '784836879274', '880481905998', '758587226811', '461085488212', '135843188065', '762258332727', '951441471643', '54095042091', '594208825338', '995851825030', '551130559724', '597389291349', '526948646744', '275554762637', '354864051599', '853150068318']",993034109116,0,False,ingest_batch_0001.csv
TIER_1_EXACT,955565050058,"['374729502937', '706434555836', '76600636199', '138521697166', '181906591669', '803244627706', '947057254457', '464824298621', '810077393405', '645927441125', '604999165332', '702738869116', '563496774715', '370951478260']",374729502937,0,False,ingest_batch_0001.csv
TIER_1_EXACT,184852634751,"['437293802072', '885397403951']",437293802072,0,False,ingest_batch_0001.csv
TIER_1_EXACT,295286080330,"['499458494132', '866984373515']",499458494132,1,True,ingest_batch_0001.csv
TIER_1_EXACT,455950567654,"['796592452488', '157150923448', '646357365553', '681288703017', '78305584883', '124382860181', '857222094071', '854672757527', '777536274882', '273139787738', '252299604763', '340948368837', '960271778729', '136343131700', '644396672422']",796592452488,0,False,ingest_batch_0001.csv
TIER_1_EXACT,198542731846,"['493785561994', '663307607140', '991212390657', '354352135939', '21640041204', '466114972291', '450053949298', '699779590240', '534810703155', '220959106260', '927314809658', '227059988163', '191392253331', '558232210204', '102283764873', '917513032164', '429024827273', '898193005519', '74195931568', '784836879274', '880481905998', '758587226811', '461085488212', '135843188065', '762258332727', '951441471643', '54095042091', '594208825338', '995851825030', '551130559724', '597389291349', '526948646744', '275554762637', '354864051599', '853150068318']",493785561994,0,False,ingest_batch_0001.csv
TIER_1_EXACT,425915544089,"['706434555836', '76600636199', '138521697166', '181906591669', '803244627706', '947057254457', '464824298621', '810077393405', '645927441125', '604999165332', '702738869116', '563496774715', '370951478260']",706434555836,0,False,ingest_batch_0001.csv
TIER_1_EXACT,436093675057,"['315877972495', '24462589306', '23170009089', '677292256529', '427872211937', '3125374641', '290680513045', '730084082001', '485793217249', '674225747674', '349337412261']",315877972495,0,False,ingest_batch_0001.csv
TIER_1_EXACT,664665583229,"['554062659582', '180075555570', '82596901939', '141513488428', '483208765310', '947709856527', '429269901928', '559200795198', '916716772799']",554062659582,0,False,ingest_batch_0001.csv
TIER_1_EXACT,413414798564,"['797644004794', '749358811213', '94136716635', '650779745147', '631203994520', '996527134266', '419426225476', '777270367435', '605944387518', '522552210262', '174250237797', '525101768874', '305649949104', '876617636937', '78973828521', '741709888681', '97062811502', '127882790094', '460539844183', '214686643641', '246672828473', '72989975261', '854693720663', '848302690618', '283092779939', '114863308428', '71485516240', '242450648271', '312138480957']",797644004794,0,False,ingest_batch_0001.csv
TIER_1_EXACT,337000288322,"['24462589306', '23170009089', '677292256529', '427872211937', '3125374641', '290680513045', '730084082001', '485793217249', '674225747674', '349337412261']",24462589306,0,False,ingest_batch_0001.csv
TIER_1_EXACT,81403572685,"['663307607140', '991212390657', '354352135939', '21640041204', '466114972291', '450053949298', '699779590240', '534810703155', '220959106260', '927314809658', '227059988163', '191392253331', '558232210204', '102283764873', '917513032164', '429024827273', '898193005519', '74195931568', '784836879274', '880481905998', '758587226811', '461085488212', '135843188065', '762258332727', '951441471643', '54095042091', '594208825338', '995851825030', '551130559724', '597389291349', '526948646744', '275554762637', '354864051599', '853150068318']",663307607140,0,False,ingest_batch_0001.csv
TIER_1_EXACT,511369617542,"['386194459318', '318789022887', '847811111225']",386194459318,0,False,ingest_batch_0001.csv
TIER_1_EXACT,896106672806,"['442986191091', '815370003599']",442986191091,0,False,ingest_batch_0001.csv
TIER_1_EXACT,17334207480,"['991212390657', '354352135939', '21640041204', '466114972291', '450053949298', '699779590240', '534810703155', '220959106260', '927314809658', '227059988163', '191392253331', '558232210204', '102283764873', '917513032164', '429024827273', '898193005519', '74195931568', '784836879274', '880481905998', '758587226811', '461085488212', '135843188065', '762258332727', '951441471643', '54095042091', '594208825338', '995851825030', '551130559724', '597389291349', '526948646744', '275554762637', '354864051599', '853150068318']",991212390657,0,False,ingest_batch_0001.csv
TIER_1_EXACT,786493647310,"['354352135939', '21640041204', '466114972291', '450053949298', '699779590240', '534810703155', '220959106260', '927314809658', '227059988163', '191392253331', '558232210204', '102283764873', '917513032164', '429024827273', '898193005519', '74195931568', '784836879274', '880481905998', '758587226811', '461085488212', '135843188065', '762258332727', '951441471643', '54095042091', '594208825338', '995851825030', '551130559724', '597389291349', '526948646744', '275554762637', '354864051599', '853150068318']",354352135939,0,False,ingest_batch_0001.csv
TIER_1_EXACT,487968153403,"['214936818314', '42899087122', '679824425117', '523091385685']",214936818314,0,False,ingest_batch_0001.csv
TIER_1_EXACT,365186329255,"['727469164383', '992763779159']",727469164383,0,False,ingest_batch_0001.csv
TIER_1_EXACT,233548088928,"['749358811213', '94136716635', '650779745147', '631203994520', '996527134266', '419426225476', '777270367435', '605944387518', '522552210262', '174250237797', '525101768874', '305649949104', '876617636937', '78973828521', '741709888681', '97062811502', '127882790094', '460539844183', '214686643641', '246672828473', '72989975261', '854693720663', '848302690618', '283092779939', '114863308428', '71485516240', '242450648271', '312138480957']",749358811213,0,False,ingest_batch_0001.csv
TIER_1_EXACT,637035937865,"['21640041204', '466114972291', '450053949298', '699779590240', '534810703155', '220959106260', '927314809658', '227059988163', '191392253331', '558232210204', '102283764873', '917513032164', '429024827273', '898193005519', '74195931568', '784836879274', '880481905998', '758587226811', '461085488212', '135843188065', '762258332727', '951441471643', '54095042091', '594208825338', '995851825030', '551130559724', '597389291349', '526948646744', '275554762637', '354864051599', '853150068318']",21640041204,0,False,ingest_batch_0001.csv
TIER_1_EXACT,798774407019,"['346423838733', '338645534259', '605949237591']",346423838733,0,False,ingest_batch_0001.csv
TIER_1_EXACT,281053088495,"['466114972291', '450053949298', '699779590240', '534810703155', '220959106260', '927314809658', '227059988163', '191392253331', '558232210204', '102283764873', '917513032164', '429024827273', '898193005519', '74195931568', '784836879274', '880481905998', '758587226811', '461085488212', '135843188065', '762258332727', '951441471643', '54095042091', '594208825338', '995851825030', '551130559724', '597389291349', '526948646744', '275554762637', '354864051599', '853150068318']",466114972291,0,False,ingest_batch_0001.csv
TIER_1_EXACT,886839477556,"['157150923448', '646357365553', '681288703017', '78305584883', '124382860181', '857222094071', '854672757527', '777536274882', '273139787738', '252299604763', '340948368837', '960271778729', '136343131700', '644396672422']",157150923448,0,False,ingest_batch_0001.csv
TIER_1_EXACT,923437194982,"['180075555570', '82596901939', '141513488428', '483208765310', '947709856527', '429269901928', '559200795198', '916716772799']",180075555570,0,False,ingest_batch_0001.csv
TIER_1_EXACT,355425667248,"['195493913591', '267672024394']",195493913591,0,False,ingest_batch_0001.csv
TIER_1_EXACT,157865486333,"['318789022887', '847811111225']",318789022887,0,False,ingest_batch_0001.csv
TIER_1_EXACT,953890259844,"['94136716635', '650779745147', '631203994520', '996527134266', '419426225476', '777270367435', '605944387518', '522552210262', '174250237797', '525101768874', '305649949104', '876617636937', '78973828521', '741709888681', '97062811502', '127882790094', '460539844183', '214686643641', '246672828473', '72989975261', '854693720663', '848302690618', '283092779939', '114863308428', '71485516240', '242450648271', '312138480957']",94136716635,0,False,ingest_batch_0001.csv
TIER_1_EXACT,856606567819,"['450053949298', '699779590240', '534810703155', '220959106260', '927314809658', '227059988163', '191392253331', '558232210204', '102283764873', '917513032164', '429024827273', '898193005519', '74195931568', '784836879274', '880481905998', '758587226811', '461085488212', '135843188065', '762258332727', '951441471643', '54095042091', '594208825338', '995851825030', '551130559724', '597389291349', '526948646744', '275554762637', '354864051599', '853150068318']",450053949298,0,False,ingest_batch_0001.csv
TIER_1_EXACT,772507885240,"['190532195611', '763623167656', '656229618930', '798520877141', '459630869840', '131453647633', '417625035332', '487278083099', '318922737233', '974670701809', '277007327075', '287306932973', '941765328913', '85689843216', '769687112844', '279400280081', '791475607182']",190532195611,0,False,ingest_batch_0001.csv
TIER_1_EXACT,528634148079,"['608307053638', '690954978868']",608307053638,0,False,ingest_batch_0001.csv
