external_txn_id,account,currency,amount,debit_credit,booking_date,value_date,reference,narrative
157655636180,ACC#00033,USD,55169636.43,DR,2023-04-03,2023-04-02,VOLERY 3259015666FP,TUP 58Q1008969099X6REAVOWED/WAMP 9
709335566602,ACC#00009,USD,91155.34,DR,2023-04-03,2023-04-02,VOLERY 3252923666FP,TUP 28Q700859722966IFV /052/666690
546108530120,ACC#00026,USD,-1224580.84,CR,2023-04-03,2023-04-02,VOLERY 3259413666FP,TUP 285200859608866IFV /052/Y.M.P.
604056576112,ACC#00013,USD,410000.00,DR,2023-04-03,2023-04-02,URBD-2CLOMB 1317166183VI,
449237386444,ACC#00002,USD,-596833.87,CR,2023-04-03,2023-04-02,VOLERY 3259439666FP,TUP 28X000859756366IFV /6967/LX231
112468496026,ACC#00002,USD,-3997900.00,CR,2023-04-03,2023-04-02,VOLERY 3255306666FP,TUP 0097T00890523766REAVOWED/WAMP/
419302001912,ACC#00040,USD,55169636.43,DR,2023-04-03,2023-04-02,VOLERY 3259089666FP,TUP 58KI008969730Q6REAVOWED/WAMP 9
358654576989,ACC#00022,USD,53060.36,DR,2023-04-03,2023-04-02,VOLERY 3252998666FP,TUP 2C3500896732166IFV /052/666690
949126088452,ACC#00008,USD,-15923.58,CR,2023-04-03,2023-04-02,322746AL68158476 6233466188VI,UPCLOSER SAUNT TYPY DE - ELUVIA CC
452349967156,ACC#00017,USD,-91737.90,CR,2023-04-03,2023-04-02,322756AL61330771 7239466183VI,UPCLOSER SAUNT TYPY DE - ELUVIA CC
351364777156,ACC#00005,USD,234263675.70,DR,2023-04-03,2023-04-02,UI02602570700698 6918366824BY,TUP TO GORST ITS KOSALAN VI 690706
45016041084,ACC#00064,USD,-59428196.41,CR,2023-04-03,2023-04-02,VOLERY 3255897666FP,TUP 5820008965191Y6REAVOWED/WAMP/Y
219830018431,ACC#00009,USD,450.54,DR,2023-04-03,2023-04-02,07166W4ROP 6218266188VI,
210871049591,ACC#00008,USD,427.18,DR,2023-04-03,2023-04-02,32566W4DJA 6280066188VI,
452578996505,ACC#00055,USD,-59428179.90,CR,2023-04-03,2023-04-02,VOLERY 3255308666FP,TUP 5888008965125C6REAVOWED/WAMP/Y
13131245116,ACC#00014,USD,140000000.00,DR,2023-04-03,2023-04-02,MG15969545M600MK 5151466188VI,
388741960404,ACC#00017,USD,13269.00,DR,2023-04-03,2023-04-02,VOLERY 3252978666FP,TUP 530100890769266IFV /7449/74000
831378501581,ACC#00008,USD,-1201286.80,CR,2023-04-03,2023-04-02,VOLERY 3255922666FP,TUP 0823C66666666666REAVOWED/FIE/X
899117745249,ACC#00011,USD,45473.86,DR,2023-04-03,2023-04-02,32566W4TFN 6237466188VI,
676520513870,ACC#00018,USD,-999514.76,CR,2023-04-03,2023-04-02,VOLERY 8761466183XD,DIANITE ANIMI MG FEW GIRE DP 06728
941857078778,ACC#00003,USD,139610.86,DR,2023-04-03,2023-04-02,VOLERY 3252999666FP,TUP 2C2V00896725366IFV /965/692053
353109785192,ACC#00086,USD,41842600.00,DR,2023-04-03,2023-04-02,VOLERY 3259024666FP,TUP 060MH008905677K6REAVOWED/WAMP
680849557815,ACC#00029,USD,-400000.00,CR,2023-04-03,2023-04-02,322756AL61341644 6244566188VI,UPCLOSER SAUNT TYPY DE - ELUVIA CC
901670834840,ACC#00015,USD,-79169.14,CR,2023-04-03,2023-04-02,VOLERY 3259416666FP,TUP 282V00855955166IFV /606/731767
413161301211,ACC#00010,USD,117592.61,DR,2023-04-03,2023-04-02,32566W4DMF 6243566188VI,
213309993740,ACC#00012,USD,-262190.10,CR,2023-04-03,2023-04-02,322756AL61891775 6224666188VI,UPCLOSER SAUNT TYPY DE - ELUVIA CC
682918643385,ACC#00071,USD,-59428196.41,CR,2023-04-03,2023-04-02,VOLERY 3255855666FP,TUP 584X008965191V6REAVOWED/WAMP/Y
223966041940,ACC#00047,USD,55169636.43,DR,2023-04-03,2023-04-02,VOLERY 3259081666FP,TUP 58Q9008969099T6REAVOWED/WAMP 9
656164778463,ACC#00007,USD,-88795.63,CR,2023-04-03,2023-04-02,6974566607486151 6209666188VI,UPCLOSER SAUNT TYPY DE - ELUVIA CC
104777306687,ACC#00062,USD,59430000.00,DR,2023-04-03,2023-04-02,VOLERY 3259034666FP,TUP 0608C008905601V6REAVOWED/WAMP
298293973455,ACC#00021,USD,25.71,DR,2023-04-03,2023-04-02,URBD-2DQQ8I 1317566183VI,
380451103790,ACC#00005,USD,-449157.98,CR,2023-04-03,2023-04-02,VOLERY 3259442666FP,TUP 2C0X00896788066IFV /052/Y.M.P.
936949769650,ACC#00016,USD,-32144156.17,CR,2023-04-03,2023-04-02,VOLERY 3255894666FP,TUP 5823008965191H6REAVOWED/WAMP/Y
347948513938,ACC#00013,USD,1222560.98,DR,2023-04-03,2023-04-02,V470296960036712 7545766183VI,
726290805142,ACC#00001,USD,972520.62,DR,2023-04-03,2023-04-02,VOLERY 3252987666FP,TUP 06V3166666666666IFV /052/66669
131654511865,ACC#00018,USD,8536.53,DR,2023-04-03,2023-04-02,VOLERY 3252994666FP,TUP 2C4900896741966IFV /052/660690
167107567995,ACC#00021,USD,-43245.22,CR,2023-04-03,2023-04-02,VOLERY 3259486666FP,TUP 28C300859728866IFV /052/Y.M.P.
552324901002,ACC#00009,USD,-182308.97,CR,2023-04-03,2023-04-02,VOLERY 3259447666FP,TUP 23X300859101466IFV /6967/LX231
897069064475,ACC#00030,USD,-429177.51,CR,2023-04-03,2023-04-02,VOLERY 3259438666FP,TUP 28C400859751866IFV /6967/LX231
357647981378,ACC#00020,USD,410000.00,DR,2023-04-03,2023-04-02,V358828460012739 7873866183VI,
526284481074,ACC#00018,USD,2600277.80,DR,2023-04-03,2023-04-02,VOLERY 3259095666FP,TUP 57VU00896888366REAVOWED/WAMP 9
108033114402,ACC#00008,USD,-785967.79,CR,2023-04-03,2023-04-02,VOLERY 1954966183MT,ENCHODONTIDAE COUTHIER FOLKSY COIF
701041295267,ACC#00010,USD,-478377.11,CR,2023-04-03,2023-04-02,322746AL68158478 6232466188VI,UPCLOSER SAUNT TYPY DE - ELUVIA CC
261591813058,ACC#00018,USD,-64983.71,CR,2023-04-03,2023-04-02,VOLERY 3259480666FP,TUP 28C400859723966IFV /052/Y.M.P.
844047000583,ACC#00036,USD,400000.00,DR,2023-04-03,2023-04-02,V358840650012739 7873666183VI,
843078955056,ACC#00025,USD,25757300.61,DR,2023-04-03,2023-04-02,U690700691334744 0503066183VI,
496281311130,ACC#00003,USD,7240.88,DR,2023-04-03,2023-04-02,VOLERY 3252970666FP,TUP 530600890765966IFV /979/938466
95741409978,ACC#00054,USD,55169636.43,DR,2023-04-03,2023-04-02,VOLERY 3259083666FP,TUP 58LR008969099E6REAVOWED/WAMP 9
451313948167,ACC#00069,USD,59430000.00,DR,2023-04-03,2023-04-02,VOLERY 3259047666FP,TUP 060BE008905601U6REAVOWED/WAMP
782269160732,ACC#00062,USD,-59428179.90,CR,2023-04-03,2023-04-02,VOLERY 3255378666FP,TUP 588V008965125K6REAVOWED/WAMP/Y
463907268605,ACC#00065,USD,-43726088.66,CR,2023-04-03,2023-04-02,VOLERY 3255827666FP,TUP 5835008965157X6REAVOWED/WAMP/Y
220551116627,ACC#00017,USD,29709666.68,DR,2023-04-03,2023-04-02,VOLERY 3259013666FP,TUP 589200896598766REAVOWED/WAMP 9
689518604773,ACC#00017,USD,-1074384.44,CR,2023-04-03,2023-04-02,VOLERY 3259410666FP,TUP 285100855996766IFV /052/Y.M.P.
978082424692,ACC#00011,USD,19139.48,DR,2023-04-03,2023-04-02,VOLERY 3252937666FP,TUP 06FEI66666666666IFV /052/66669
697877944520,ACC#00018,USD,-1400000.00,CR,2023-04-03,2023-04-02,VOLERY 8698066183CQ,BA BAHUT EFI GRANZA TOSKISH 66666-
157316902541,ACC#00003,USD,-20251585.15,CR,2023-04-03,2023-04-02,VOLERY 3255856666FP,TUP 5846008965157U6REAVOWED/WAMP/Y
986057658337,ACC#00001,USD,-139537.05,CR,2023-04-03,2023-04-02,VOLERY 3259448666FP,TUP 29PL00859563266IFV /606/266634
695604963853,ACC#00008,USD,71538.99,DR,2023-04-03,2023-04-02,VOLERY 3252986666FP,TUP 06V8C66666666666IFV /052/66669
93776564544,ACC#00043,USD,-400000.00,CR,2023-04-03,2023-04-02,322756AL61341661 6247066188VI,UPCLOSER SAUNT TYPY DE - ELUVIA CC
67725854107,ACC#00018,USD,-78272.50,CR,2023-04-03,2023-04-02,VOLERY 3259436666FP,TUP 28SF00859725566IFV /052/Y.M.P.
989803210667,ACC#00030,USD,-75122.72,CR,2023-04-03,2023-04-02,VOLERY 3259485666FP,TUP 28Q300859725466IFV /6967/LX231
892194349615,ACC#00022,USD,96908.40,DR,2023-04-03,2023-04-02,32566W4DVI 6285266188VI,
820013240527,ACC#00002,USD,210000.00,DR,2023-04-03,2023-04-02,URBD-2DQQVD 1317866183VI,
879632096866,ACC#00012,USD,465119.31,DR,2023-04-03,2023-04-02,VOLERY 3252996666FP,TUP 2C8C00896738866IFV /052/666690
553615121494,ACC#00061,USD,55169636.43,DR,2023-04-03,2023-04-02,VOLERY 3259088666FP,TUP 58SF008969099Z6REAVOWED/WAMP 9
775899063540,ACC#00028,USD,-1600000.00,CR,2023-04-03,2023-04-02,322756AL61341600 6244766188VI,UPCLOSER SAUNT TYPY DE - ELUVIA CC
738966859196,ACC#00009,USD,-490014.65,CR,2023-04-03,2023-04-02,VOLERY 3259404666FP,TUP 01V6Q00855112366IFV /6967/LX23
983644638788,ACC#00005,USD,-63783.20,CR,2023-04-03,2023-04-02,VOLERY 3259417666FP,TUP 285800855991066IFV /052/Y.M.P.
262479494191,ACC#00018,USD,2250822.35,DR,2023-04-03,2023-04-02,V412480360012739 7873066183VI,
763619497221,ACC#00009,USD,515007.80,DR,2023-04-03,2023-04-02,VOLERY 3252957666FP,TUP 28C900859757066IFV /052/666690
232028453989,ACC#00023,USD,12784.20,DR,2023-04-03,2023-04-02,VOLERY 3252976666FP,TUP 536V00890769366IFV /7672/97748
159301640511,ACC#00009,USD,-329.25,CR,2023-04-03,2023-04-02,FLOEY006364006 7404766183XD,CASTOR7KAES
423232005264,ACC#00015,USD,-4000000.00,CR,2023-04-03,2023-04-02,322756AL61341630 6235766188VI,UPCLOSER SAUNT TYPY DE - ELUVIA CC
420075920006,ACC#00015,USD,89038.68,DR,2023-04-03,2023-04-02,VOLERY 3252921666FP,TUP 28C200859724166IFV /052/666690
328331948232,ACC#00011,USD,124545.20,DR,2023-04-03,2023-04-02,VOLERY 3252913666FP,TUP C89466666666666IFV /960/795143
177677872297,ACC#00009,USD,390603.02,DR,2023-04-03,2023-04-02,VOLERY 3252988666FP,TUP 06V9T00855348C66IFV /052/66669
431510241828,ACC#00017,USD,3343000.00,DR,2023-04-03,2023-04-02,VOLERY 3259052666FP,TUP 008X900890548266REAVOWED/WAMP
14983998296,ACC#00007,USD,217700.00,DR,2023-04-03,2023-03-30,GRASSHOPPERDOM69 1872766183VI,
100999123038,ACC#00076,USD,59430000.00,DR,2023-04-03,2023-04-02,VOLERY 3259032666FP,TUP 0608Q008905601T6REAVOWED/WAMP
588463713367,ACC#00005,USD,-7000000.00,CR,2023-04-03,2023-04-02,VOLERY 8690666183CQ,BAHUT WITCH AIRY U M FEW GIRE DP 0
218093806663,ACC#00005,USD,261936.83,DR,2023-04-03,2023-04-02,VOLERY 3259099666FP,TUP 516100896830466REAVOWED/WAMP 9
568704479461,ACC#00012,USD,79158.00,DR,2023-04-03,2023-04-02,VOLERY 3252942666FP,TUP 285600855955866IFV /052/666690
354477788162,ACC#00069,USD,-59428179.90,CR,2023-04-03,2023-04-02,VOLERY 3255842666FP,TUP 5831008965125H6REAVOWED/WAMP/Y
488652746108,ACC#00072,USD,-43726088.66,CR,2023-04-03,2023-04-02,VOLERY 3255821666FP,TUP 5839008965157T6REAVOWED/WAMP/Y
424669279801,ACC#00019,USD,50601024.72,DR,2023-04-03,2023-04-02,VOLERY 3259094666FP,TUP 57DM008961832Q6REAVOWED/WAMP 9
717298441641,ACC#00017,USD,7768077.84,DR,2023-04-03,2023-04-02,VOLERY 3259036666FP,TUP C53300896986266EU AS UDV/CRAIE
351108864097,ACC#00068,USD,55169636.43,DR,2023-04-03,2023-04-02,VOLERY 3259082666FP,TUP 58C4008969730C6REAVOWED/WAMP 9
27217609894,ACC#00001,USD,176655.03,DR,2023-04-03,2023-04-02,32566W4W83 6235166188VI,
984913805230,ACC#00076,USD,-59428179.90,CR,2023-04-03,2023-04-02,VOLERY 3255844666FP,TUP 5837008965125P6REAVOWED/WAMP/Y
973433722362,ACC#00020,USD,-1227916.19,CR,2023-04-03,2023-04-02,VOLERY 6360666183RN,UPCLOSER SAUNT TYPY DE - ELUVIA CC
375851458468,ACC#00093,USD,41842600.00,DR,2023-04-03,2023-04-02,VOLERY 3259022666FP,TUP 060KR008905677H6REAVOWED/WAMP
626720559395,ACC#00035,USD,1600000.00,DR,2023-04-03,2023-04-02,32566W4W8R 6239366188VI,
436154035989,ACC#00016,USD,-108215.68,CR,2023-04-03,2023-04-02,VOLERY 3259434666FP,TUP 28C500859751966IFV /052/Y.M.P.
433706454260,ACC#00017,USD,169329.91,DR,2023-04-03,2023-04-02,VOLERY 3252920666FP,TUP 289Q00859000266IFV /992/3788/6
410508642622,ACC#00050,USD,400000.00,DR,2023-04-03,2023-04-02,V358838650012739 7878966183VI,
617077118043,ACC#00015,USD,20000000.00,DR,2023-04-03,2023-04-02,MG46975586M600MK 7517666183VI,
373801006847,ACC#00078,USD,-59428196.41,CR,2023-04-03,2023-04-02,VOLERY 3255852666FP,TUP 584C008965191C6REAVOWED/WAMP/Y
481521524141,ACC#00003,USD,-505090.40,CR,2023-04-03,2023-04-02,VOLERY 3259474666FP,TUP 21V500855349366IFV /6967/LX231
525643062427,ACC#00008,USD,-174.10,CR,2023-04-03,2023-04-02,FLOEY006364006 7354666183XD,CASTOR7KAES
253263222369,ACC#00011,USD,-584728.40,CR,2023-04-03,2023-04-02,VOLERY 3259473666FP,TUP 20VG00855116666IFV /6967/LX231
845293484916,ACC#00022,USD,-32178382.00,CR,2023-04-03,2023-04-02,UVA9126666102703 3237166183MT,UNPARTOOK TYPY MENT Q-0706 ERICIUS
625421301053,ACC#00024,USD,-66475.58,CR,2023-04-03,2023-04-02,VOLERY 3259471666FP,TUP 20C700855761966IFV /052/Y.M.P.
598421293516,ACC#00016,USD,490014.65,DR,2023-04-03,2023-04-02,VOLERY 3252989666FP,TUP 06PF066666666666IFV /052/66669
634946627556,ACC#00026,USD,50601024.72,DR,2023-04-03,2023-04-02,VOLERY 3259092666FP,TUP 57XY008961832C6REAVOWED/WAMP 9
557068353868,ACC#00023,USD,-44786.73,CR,2023-04-03,2023-04-02,VOLERY 3259415666FP,TUP 28C100859721166IFV /052/Y.M.P.
404259896929,ACC#00005,USD,-383000000.00,CR,2023-04-03,2023-04-02,64535012 1377266183VI,UPCLOSER SAUNT TYPY DE - ELUVIA CC
735448152251,ACC#00057,USD,400000.00,DR,2023-04-03,2023-04-02,V358851100010870 7600166183VI,
727318556306,ACC#00024,USD,21903497.39,DR,2023-04-03,2023-04-02,V426798960018965 7128466183VI,
236722533166,ACC#00023,USD,-697940.30,CR,2023-04-03,2023-04-02,OVERPROUDNESS 1204566183XD,FORE TYPY DONNE LOMA 9
831737295896,ACC#00024,USD,-1100000.00,CR,2023-04-03,2023-04-02,ICHTHYIZATION 4629866183XD,LSC EIDE GREENWEED AIRY (COCK BLK
635081928417,ACC#00008,USD,-641584.30,CR,2023-04-03,2023-04-02,VOLERY 3259482666FP,TUP 28Q100859725166IFV /6967/LX231
679815713552,ACC#00022,USD,50667900.00,DR,2023-04-03,2023-04-02,VOLERY 3259058666FP,TUP 060KI008905679Q6REAVOWED/WAMP
438843930375,ACC#00015,USD,1512267.68,DR,2023-04-03,2023-04-02,VOLERY 3252943666FP,TUP 281600855513266IFV /052/666690
82613338396,ACC#00018,USD,14102.85,DR,2023-04-03,2023-04-02,VOLERY 3252971666FP,TUP 530700890769066IFV /960/798103
11636871040,ACC#00079,USD,-43726088.66,CR,2023-04-03,2023-04-02,VOLERY 3255826666FP,TUP 5834008965157Q6REAVOWED/WAMP/Y
830806519943,ACC#00017,USD,476144.86,DR,2023-04-03,2023-04-02,VOLERY 3252985666FP,TUP 06LOO66666666666IFV /052/66669
120306237380,ACC#00007,USD,-960923.40,CR,2023-04-03,2023-04-02,VOLERY 3259487666FP,TUP 28C900859724866IFV /6967/LX231
843982437702,ACC#00025,USD,225217.70,DR,2023-04-03,2023-04-02,VOLERY 3252993666FP,TUP 2C4300896740766IFV /052/666690
878026310052,ACC#00022,USD,-8528.98,CR,2023-04-03,2023-04-02,322756AL61312830 6248866188VI,UPCLOSER SAUNT TYPY DE - ELUVIA CC
18743344276,ACC#00011,USD,-2961000.00,CR,2023-04-03,2023-04-02,V411039166931373 7066566183VI,UPCLOSER SAUNT TYPY DE - ELUVIA CC
159008344914,ACC#00015,USD,22768.96,DR,2023-04-03,2023-04-02,VOLERY 3252930666FP,TUP 06PF266666666666IFV /052/66669
982822585014,ACC#00015,USD,229523.93,DR,2023-04-03,2023-04-02,VOLERY 3252951666FP,TUP 28WO00859758666IFV /052/666690
249590787361,ACC#00083,USD,-59428179.90,CR,2023-04-03,2023-04-02,VOLERY 3255305666FP,TUP 5889008965125T6REAVOWED/WAMP/Y
503633342703,ACC#00090,USD,-59428179.90,CR,2023-04-03,2023-04-02,VOLERY 3255370666FP,TUP 588C008965125Z6REAVOWED/WAMP/Y
718743021891,ACC#00021,USD,-428907.50,CR,2023-04-03,2023-04-02,JOIAO58981540 7515866183XD,JO TONITE ETHERIFIES EFI
867788169155,ACC#00002,USD,-3361.91,CR,2023-04-03,2023-04-02,322756AL61348003 1328066183VI,UPCLOSER SAUNT TYPY DE - ELUVIA CC
943152835383,ACC#00025,USD,-816702.57,CR,2023-04-03,2023-04-02,VOLERY 3259433666FP,TUP 28C200859751466IFV /6967/LX231
201083056768,ACC#00033,USD,50601024.72,DR,2023-04-03,2023-04-02,VOLERY 3259093666FP,TUP 57T9008961832C6REAVOWED/WAMP 9
376432650282,ACC#00025,USD,-715664.13,CR,2023-04-03,2023-04-02,VOLERY 3255360666FP,TUP 589800896520566REAVOWED/WAMP/C
70759427596,ACC#00075,USD,55169636.43,DR,2023-04-03,2023-04-02,VOLERY 3259086666FP,TUP 58Q3008969099C6REAVOWED/WAMP 9
966040712572,ACC#00022,USD,399942.30,DR,2023-04-03,2023-04-02,VOLERY 3252949666FP,TUP 289900859008066IFV /992/37P2/6
645547373222,ACC#00013,USD,1139497.00,DR,2023-04-03,2023-04-02,6366966183RN 6366966183RN,Y M TONITE ETHERIFIES GAB MURREY X
867495328706,ACC#00020,USD,7908080.00,DR,2023-04-03,2023-04-02,VOLERY 3259029666FP,TUP 060T1008905609Q6REAVOWED/WAMP
226606538883,ACC#00009,USD,-1829933.39,CR,2023-04-03,2023-04-02,VOLERY 3255361666FP,TUP 589400896552766REAVOWED/WAMP/C
309166733786,ACC#00013,USD,1272243.64,DR,2023-04-03,2023-04-02,GYNOMONOECISM 7947366183VI,
868313059415,ACC#00024,USD,327658.46,DR,2023-04-03,2023-04-02,VOLERY 3252945666FP,TUP 289500859007966IFV /967/M 5086
702514177368,ACC#00012,USD,96594.83,DR,2023-04-03,2023-04-02,VOLERY 3252944666FP,TUP 281100855597366IFV /052/660690
478139817167,ACC#00003,USD,875164506.50,DR,2023-04-03,2023-04-02,P643224700079399 0988166183VI,
384268597556,ACC#00100,USD,41842600.00,DR,2023-04-03,2023-04-02,VOLERY 3259023666FP,TUP 060X9008905677P6REAVOWED/WAMP
53408488723,ACC#00016,USD,206001.73,DR,2023-04-03,2023-04-02,VOLERY 3252953666FP,TUP 229600859118866IFV /7004/60661
644125323326,ACC#00083,USD,59430000.00,DR,2023-04-03,2023-04-02,VOLERY 3259040666FP,TUP 060FP008905601N6REAVOWED/WAMP
78235414032,ACC#00024,USD,-4426300.31,CR,2023-04-03,2023-04-02,VOLERY 3255368666FP,TUP 589500896558966REAVOWED/WAMP/C
702770560868,ACC#00019,USD,74093.00,DR,2023-04-03,2023-04-02,VOLERY 3252980666FP,TUP 06V3766666666666IFV /052/66669
966888827079,ACC#00016,USD,182308.97,DR,2023-04-03,2023-04-02,VOLERY 3252958666FP,TUP 23X100859101366IFV /052/666690
146283718965,ACC#00019,USD,591302.30,DR,2023-04-03,2023-04-02,VOLERY 3252933666FP,TUP 0143566666666666IFV /7449/0277
748230509595,ACC#00002,USD,-3744000000.00,CR,2023-04-03,2023-04-02,64533291 1871766183VI,Y.M. TONITE QUETCH AUANTIC FULGOR
165261750839,ACC#00090,USD,59430000.00,DR,2023-04-03,2023-04-02,VOLERY 3259033666FP,TUP 06089008905601E6REAVOWED/WAMP
618909606932,ACC#00005,USD,1284869.10,DR,2023-04-03,2023-04-02,32566W4DOV 6239766188VI,
48408119962,ACC#00021,USD,-1136002.80,CR,2023-04-03,2023-04-02,VOLERY 3255926666FP,TUP 585400896543866REAVOWED/PFC 90
551965437646,ACC#00024,USD,-207.04,CR,2023-04-03,2023-04-02,FLOEY006364006 7468366183XD,CASTOR7KAES
202249136941,ACC#00001,USD,-1200000.00,CR,2023-04-03,2023-04-02,I76690700933173 3510666183XD,SLATTERN TYPY OEV PSF SLATTERN BAA
586029321033,ACC#00007,USD,3183755.37,DR,2023-04-03,2023-04-02,VOLERY 3259091666FP,TUP 57C600896100166EU AS UDV/JIFF
663689052393,ACC#00107,USD,41842600.00,DR,2023-04-03,2023-04-02,VOLERY 3259028666FP,TUP 060X5008905677Y6REAVOWED/WAMP
551110497141,ACC#00005,USD,5947953.74,DR,2023-04-03,2023-04-02,VOLERY 3259761666FP,TUP 512500896312366REAVOWED/WAMP 9
831009955239,ACC#00019,USD,791527.38,DR,2023-04-03,2023-04-02,VOLERY 3252946666FP,TUP 20C400855102366IFV /052/666690
24726319697,ACC#00064,USD,400000.00,DR,2023-04-03,2023-04-02,32566W4DJY 6243766188VI,
455848924625,ACC#00024,USD,47661.00,DR,2023-04-03,2023-04-02,RM137965-767-660 7915766183VI,
489570039816,ACC#00018,USD,-337146.26,CR,2023-04-03,2023-04-02,VOLERY 7169866183CQ,UPCLOSER SAUNT EU DE AT PIANOKOTO
222063254475,ACC#00024,USD,-875000000.00,CR,2023-04-03,2023-04-02,VOLERY 6664366183XY,UPCLOSER SAUNT TYPY DE - ELUVIA CC
712391525498,ACC#00013,USD,-2345.73,CR,2023-04-03,2023-04-02,6800656O6C6P6C6M 1407166183VI,UPCLOSER SAUNT TYPY DE - ELUVIA CC
834491201159,ACC#00004,USD,-2402.13,CR,2023-04-03,2023-04-02,325746AL68032816 1194366183VI,UPCLOSER SAUNT TYPY DE - ELUVIA CC
933093166326,ACC#00025,USD,22133007.00,DR,2023-04-03,2023-04-02,AHT9126666102671 7912166183VI,
743870129835,ACC#00086,USD,-43726088.66,CR,2023-04-03,2023-04-02,VOLERY 3255820666FP,TUP 5832008965157C6REAVOWED/WAMP/Y
169901797079,ACC#00006,USD,313077.69,DR,2023-04-03,2023-04-02,VOLERY 3255666666FP,TUP 2JUT00896160066IFV /960/848221
27717510025,ACC#00001,USD,-892075.79,CR,2023-04-03,2023-04-02,VOLERY 3259408666FP,TUP 534300855904066IFV /6137 36624
861926186638,ACC#00019,USD,934387.32,DR,2023-04-03,2023-04-02,VOLERY 3252983666FP,TUP 06FU566666666666IFV /052/66669
8447984118,ACC#00018,USD,124545.20,DR,2023-04-03,2023-04-02,VOLERY 3252918666FP,TUP C89066666666666IFV /992/64SL/6
533785399648,ACC#00012,USD,-2000000.00,CR,2023-04-03,2023-04-02,Z6070404 7222166183VI,UPCLOSER SAUNT TYPY DE - ELUVIA CC
791240704921,ACC#00011,USD,2818073.00,DR,2023-04-03,2023-04-02,IYO9126666102724 1293566183VI,
293781082895,ACC#00011,USD,-77684.50,CR,2023-04-03,2023-04-02,325756AL61347505 1170966183VI,UPCLOSER SAUNT TYPY DE - ELUVIA CC
630267319301,ACC#00016,USD,72790.78,DR,2023-04-03,2023-04-02,VOLERY 3252914666FP,TUP C89C66666666666IFV /06/6644391
836747354574,ACC#00020,USD,3419491250.00,DR,2023-04-03,2023-04-02,P644772240079401 0988266183VI,
653592509897,ACC#00021,USD,46943.50,DR,2023-04-03,2023-04-02,32566W2X9J 1078066183VI,
320723281992,ACC#00025,USD,-47684778.97,CR,2023-04-03,2023-04-02,VOLERY 3255301666FP,TUP 51KI00896223466REAVOWED/WAMP/Y
166122053075,ACC#00016,USD,76371.00,DR,2023-04-03,2023-04-02,32566W2X6K 1078166183VI,
202222256473,ACC#00006,USD,2054.58,DR,2023-04-03,2023-04-02,VOLERY 3252912666FP,TUP 06V8966666666666IFV /052/66669
202107401930,ACC#00114,USD,41842600.00,DR,2023-04-03,2023-04-02,VOLERY 3259026666FP,TUP 060X8008905677V6REAVOWED/WAMP
486034552249,ACC#00021,USD,-21809993.72,CR,2023-04-03,2023-04-02,1525366617971942 7902966183VI,LO JO TONITE POLENTAS DISNEY BALAT
861735679516,ACC#00018,USD,3335.40,DR,2023-04-03,2023-04-02,VOLERY 3252909666FP,TUP 536T00890769766IFV /7137/06667
373273206167,ACC#00003,USD,827986.72,DR,2023-04-03,2023-04-02,32566W4DKG 6238366188VI,
555922170779,ACC#00016,USD,-1736417.30,CR,2023-04-03,2023-04-02,TRANSILLUMINATOR 1730766183VI,Y.M. TONITE ETHERIFIES EFI JOQGE U
983578778366,ACC#00012,USD,449157.98,DR,2023-04-03,2023-04-02,VOLERY 3255660666FP,TUP 512300896723266IFV /965/692053
197131311160,ACC#00097,USD,-59428179.90,CR,2023-04-03,2023-04-02,VOLERY 3255376666FP,TUP 588Q008965125E6REAVOWED/WAMP/Y
164935501417,ACC#00085,USD,-59428196.41,CR,2023-04-03,2023-04-02,VOLERY 3255893666FP,TUP 5828008965191Z6REAVOWED/WAMP/Y
733748713378,ACC#00010,USD,-320947.21,CR,2023-04-03,2023-04-02,V469452866540417 7683366183VI,UPCLOSER SAUNT TYPY DE - ELUVIA CC
676086495471,ACC#00019,USD,1300.00,DR,2023-04-03,2023-04-02,32566W288D 7871466183VI,
127544908108,ACC#00008,USD,25.00,DR,2023-04-03,2023-04-02,VOLERY 3256799666FP,TUP JQO CARD DYES 07/06/69
356399529958,ACC#00013,USD,209727.29,DR,2023-04-03,2023-04-02,VOLERY 3252984666FP,TUP 06FU966666666666IFV /052/66669
427279729217,ACC#00022,USD,5439.00,DR,2023-04-03,2023-04-02,VOLERY 3252977666FP,TUP 530000890769666IFV /7065/06336
150480474605,ACC#00019,USD,3138280.00,DR,2023-04-03,2023-04-02,37266W4RGR 6281066188VI,
288973631810,ACC#00017,USD,-559600.12,CR,2023-04-03,2023-04-02,VOLERY 3259419666FP,TUP 28C800859724766IFV /6967/LX231
290019908550,ACC#00011,USD,-49029057.58,CR,2023-04-03,2023-04-02,VOLERY 3255857666FP,TUP 5847008965158Q6REAVOWED/WAMP/Y
789795592688,ACC#00005,USD,910.00,DR,2023-04-03,2023-04-02,RM122756-767-660 7227366183VI,
539671221406,ACC#00017,USD,-461.00,CR,2023-04-03,2023-04-02,AHT9126666102046 8296166183XD,Y.M. TONITE ETHERIFIES AUANTIC BAS
905261631879,ACC#00006,USD,-3183008.96,CR,2023-04-03,2023-04-02,VOLERY 3255920666FP,TUP 579V00896108066REAVOWED/ULAN/0
494672077725,ACC#00012,USD,-17050.00,CR,2023-04-03,2023-04-02,L9IC4OR 1117766183VI,UPCLOSER SAUNT TYPY DE - ELUVIA CC
340512810429,ACC#00007,USD,550695.93,DR,2023-04-03,2023-04-02,VOLERY 3252919666FP,TUP 06V8Q66666666666IFV /052/66669
833264317479,ACC#00003,USD,4488.80,DR,2023-04-03,2023-04-02,VOLERY 3252902666FP,TUP 536Q00890765266IFV /960/798170
61067185404,ACC#00024,USD,1159488.70,DR,2023-04-03,2023-04-02,VOLERY 3259766666FP,TUP 514V00896835966REAVOWED/WAMP 9
625692005756,ACC#00015,USD,-16208965.00,CR,2023-04-03,2023-04-02,803874 9099760188MT,BUD AZ WASHRAG WASHRAG 56563-
230136510962,ACC#00092,USD,-59428196.41,CR,2023-04-03,2023-04-02,VOLERY 3255898666FP,TUP 5821008965191N6REAVOWED/WAMP/Y
539975827357,ACC#00025,USD,-68448.15,CR,2023-04-03,2023-04-02,322746AL68158470 6234466188VI,UPCLOSER SAUNT TYPY DE - ELUVIA CC
122133651876,ACC#00104,USD,-59428179.90,CR,2023-04-03,2023-04-02,VOLERY 3255848666FP,TUP 5836008965125U6REAVOWED/WAMP/Y
125547147435,ACC#00016,USD,-382754.00,CR,2023-04-03,2023-04-02,322756AL61891772 6224066188VI,UPCLOSER SAUNT TYPY DE - ELUVIA CC
339008579317,ACC#00012,USD,14689600.00,DR,2023-04-03,2023-04-02,VOLERY 3259053666FP,TUP 06365008905677F6REAVOWED/WAMP
104234405322,ACC#00013,USD,29511.50,DR,2023-04-03,2023-04-02,VOLERY 3252927666FP,TUP 28C700859720466IFV /965/694288
133562263625,ACC#00111,USD,-59428179.90,CR,2023-04-03,2023-04-02,VOLERY 3255302666FP,TUP 5885008965125X6REAVOWED/WAMP/Y
555973681296,ACC#00027,USD,-697779.53,CR,2023-04-03,2023-04-02,VOLERY 3259430666FP,TUP 28FP00859756866IFV /6967/LX231
606359397243,ACC#00014,USD,-172702246.70,CR,2023-04-03,2023-04-02,VIP9126666102028 3179166183MT,UNPARTOOK TYPY MENT Q-0706 ERICIUS
598190276495,ACC#00012,USD,-3898314.04,CR,2023-04-03,2023-04-02,ZYRENIAN 7130566183XD,JINSHANG TOPFILLED ENHAT TYPY GILL
544418217191,ACC#00020,USD,-800000.00,CR,2023-04-03,2023-04-02,I76690700933172 3579066183XD,SLATTERN TYPY OEV PSF SLATTERN BAA
776288182398,ACC#00016,USD,-590693.90,CR,2023-04-03,2023-04-02,322756AL61891773 6224966188VI,UPCLOSER SAUNT TYPY DE - ELUVIA CC
854878540095,ACC#00099,USD,-59428196.41,CR,2023-04-03,2023-04-02,VOLERY 3255896666FP,TUP 584V008965191C6REAVOWED/WAMP/Y
687897742552,ACC#00018,USD,-49029057.58,CR,2023-04-03,2023-04-02,VOLERY 3255850666FP,TUP 5840008965158C6REAVOWED/WAMP/Y
435192013058,ACC#00001,USD,-3288000.00,CR,2023-04-03,2023-04-02,V411799666938668 7060066183VI,UPCLOSER SAUNT TYPY DE - ELUVIA CC
59919079675,ACC#00009,USD,-470268.30,CR,2023-04-03,2023-04-02,VOLERY 3259437666FP,TUP 28BE00859756966IFV /6967/LX231
629412484936,ACC#00031,USD,85732.34,DR,2023-04-03,2023-04-02,32266W21DZ 1808666183VI,
784224681717,ACC#00071,USD,400000.00,DR,2023-04-03,2023-04-02,32566W4RNN 6240466188VI,
926573043171,ACC#00010,USD,-105857.20,CR,2023-04-03,2023-04-02,VOLERY 3259418666FP,TUP 285400859669866IFV /052/Y.M.P.
113886813217,ACC#00013,USD,-69092547.27,CR,2023-04-03,2023-04-02,V481874800613701 1077466183VI,JO TONITE TYPY LEE'U EEV 003638 JS
868553794362,ACC#00017,USD,1393000.00,DR,2023-04-03,2023-04-02,VOLERY 3259043666FP,TUP 060VG00890560366REAVOWED/WAMP
200665543963,ACC#00093,USD,-43726088.66,CR,2023-04-03,2023-04-02,VOLERY 3255822666FP,TUP 583X008965157Y6REAVOWED/WAMP/Y
235267069810,ACC#00017,USD,8419784.77,DR,2023-04-03,2023-04-02,VOLERY 3259085666FP,TUP 58WO008969730C6REAVOWED/WAMP 9
399621330552,ACC#00078,USD,400000.00,DR,2023-04-03,2023-04-02,V358848460012739 7873766183VI,
212107408937,ACC#00013,USD,-38098314.79,CR,2023-04-03,2023-04-02,VOLERY 3255845666FP,TUP 5838008965125M6REAVOWED/WAMP/Y
607757553554,ACC#00006,USD,-1228.83,CR,2023-04-03,2023-04-02,322746AL68158477 6235866188VI,UPCLOSER SAUNT TYPY DE - ELUVIA CC
640442382714,ACC#00017,USD,520000.00,DR,2023-04-03,2023-04-02,URBD-2DQQ5Y 1318666183VI,
122173602365,ACC#00007,USD,-1270268.12,CR,2023-04-03,2023-04-02,322746AL68120951 7321566183VI,UPCLOSER SAUNT TYPY DE - ELUVIA CC
569281192703,ACC#00025,USD,-1695720.28,CR,2023-04-03,2023-04-02,VOLERY 3255364666FP,TUP 589C00896555466REAVOWED/WAMP/C
951879131782,ACC#00031,USD,390000.00,DR,2023-04-03,2023-04-02,V358832450012739 7873166183VI,
898848642762,ACC#00022,USD,9452.00,DR,2023-04-03,2023-04-02,32566W2QS6 1000066183VI,
120010556722,ACC#00021,USD,24259566.55,DR,2023-04-03,2023-04-02,V442478060085022 7569766183VI,
809503147189,ACC#00025,USD,-1180000.00,CR,2023-04-03,2023-04-02,07969070069 8627966183XD,ADE MISMETRE AMBLYGON S.C. LAUGHS
42617310059,ACC#00007,USD,313900.00,DR,2023-04-03,2023-04-02,008551825-767-0 1117866183VI,
508153100278,ACC#00020,USD,-41842356.75,CR,2023-04-03,2023-04-02,VOLERY 3255853666FP,TUP 5845008965155C6REAVOWED/WAMP/Y
434079145296,ACC#00002,USD,-108251.03,CR,2023-04-03,2023-04-02,VOLERY 3259431666FP,TUP 28C000859750166IFV /965/693285
779724700691,ACC#00022,USD,4000000.00,DR,2023-04-03,2023-04-02,32566W4W60 6249366188VI,
999257948517,ACC#00010,USD,162029.20,DR,2023-04-05,2023-04-02,VOLERY 3252933666FP,TUP 0143566666666666IFV /7449/0277
549704791147,ACC#00003,USD,-1911390.44,CR,2023-04-06,2023-04-05,VOLERY 3295176666FP,TUP 54Q600890549466REAVOWED/WAMP/C
627519989298,ACC#00013,USD,14689600.00,DR,2023-04-06,2023-04-05,VOLERY 3295903666FP,TUP 05Q2X008972376H6REAVOWED/WAMP
43581112882,ACC#00006,USD,840311.46,DR,2023-04-06,2023-04-05,VOLERY 3292274666FP,TUP 52T100897047966IFV /938/TYOKG0
758902710496,ACC#00019,USD,-1494303.09,CR,2023-04-06,2023-04-05,322756AL61347317 8588866183VI,UPCLOSER SAUNT TYPY DE - ELUVIA CC
133083245265,ACC#00006,USD,-505200.58,CR,2023-04-06,2023-04-05,V447139660640861 4784866185VI,UPCLOSER SAUNT TYPY DE - ELUVIA CC
275859268719,ACC#00005,USD,1733682.65,DR,2023-04-06,2023-04-05,32566W2CE4 8580866183VI,
658241584231,ACC#00024,USD,136658.67,DR,2023-04-06,2023-04-05,6656566185RN 6656566185RN,HAFIZ GOWLAN TYPY CG. MG.  SLOWISH
840304890183,ACC#00013,USD,840311.46,DR,2023-04-06,2023-04-05,VOLERY 3292289666FP,TUP 072NA66666666666IFV /967/M 687
34049423019,ACC#00019,USD,-417830.00,CR,2023-04-06,2023-04-05,VOLERY 3299737666FP,TUP 52IB00896512666IFV /6606/03946
178976579214,ACC#00022,USD,-117026.96,CR,2023-04-06,2023-04-05,322756AL61341396 8584666183VI,UPCLOSER SAUNT TYPY DE - ELUVIA CC
811589864997,ACC#00016,USD,1263679.62,DR,2023-04-06,2023-04-05,T313008682816660 0608682816,
848321726365,ACC#00021,USD,419832.46,DR,2023-04-06,2023-04-05,VOLERY 3292203666FP,TUP 52X800897046166IFV /992/QFEI/6
310933457550,ACC#00011,USD,-2362119.83,CR,2023-04-06,2023-04-05,V447132160640119 4784166185VI,UPCLOSER SAUNT TYPY DE - ELUVIA CC
15404907102,ACC#00022,USD,296381.22,DR,2023-04-06,2023-04-05,VOLERY 3292446666FP,TUP 239600896728166IFV /052/667690
172324238124,ACC#00022,USD,-41842879.78,CR,2023-04-06,2023-04-05,VOLERY 3295169666FP,TUP 5458008905671Y6REAVOWED/WAMP/Y
571401461418,ACC#00021,USD,-38552.90,CR,2023-04-06,2023-04-05,VOLERY 3299754666FP,TUP 234T00896738966IFV /052/Y.M.P.
103309167118,ACC#00009,USD,169813.52,DR,2023-04-06,2023-04-05,VOLERY 3292207666FP,TUP 52X600897039266IFV /7449/74923
636242220011,ACC#00025,USD,-1196244.85,CR,2023-04-06,2023-04-05,VOLERY 6656966185RN,UPCLOSER SAUNT TYPY DE - ELUVIA CC
814593552620,ACC#00016,USD,-600610.60,CR,2023-04-06,2023-04-05,322756AL61372726 8587166183VI,UPCLOSER SAUNT TYPY DE - ELUVIA CC
219337393286,ACC#00021,USD,398878.10,DR,2023-04-06,2023-04-05,VOLERY 3292293666FP,TUP 260T00859750766IFV /052/666690
447263085810,ACC#00020,USD,215154.00,DR,2023-04-06,2023-04-05,URBD-2DPO27 2290466185VI,
995535560766,ACC#00015,USD,2949061.60,DR,2023-04-06,2023-04-05,V449322360811809 4173666185VI,
876472443452,ACC#00023,USD,1910000.00,DR,2023-04-06,2023-04-05,VOLERY 3295987666FP,TUP 09KY700897508466REAVOWED/WAMP
49751005175,ACC#00006,USD,10857.54,DR,2023-04-06,2023-04-05,VOLERY 3292450666FP,TUP 2T3C00890620866IFV /052/666690
355052772828,ACC#00023,USD,-3926400.00,CR,2023-04-06,2023-04-05,VOLERY 4865766185VI,UPCLOSER SAUNT TYPY DE - ELUVIA CC
244759123564,ACC#00016,USD,211554.82,DR,2023-04-06,2023-04-05,VOLERY 3292443666FP,TUP 239900896757666IFV /052/666690
592438460241,ACC#00010,USD,-10252.46,CR,2023-04-06,2023-04-05,779756BW61845284 L-8274066183VI,JOQ TREPIDATORY WOLD HOTPOT UNRIP
612099409520,ACC#00021,USD,464239.98,DR,2023-04-06,2023-04-05,VOLERY 3292278666FP,TUP 52T000897047866IFV /7449/02672
414939744079,ACC#00003,USD,3500000.00,DR,2023-04-06,2023-04-05,V159333930811809 4178466185VI,
535440902537,ACC#00015,USD,-491000000.00,CR,2023-04-06,2023-04-05,62644017 2490566185VI,UPCLOSER SAUNT TYPY DE - ELUVIA CC
574006106,ACC#00012,USD,40000000.00,DR,2023-04-06,2023-04-05,VOLERY 3292255666FP,TUP 0C50300855239C66IFV /052/66669
589260647670,ACC#00016,USD,-6004.10,CR,2023-04-06,2023-04-05,VOLERY 3299752666FP,TUP 232000896732866IFV /965/693285
563843746238,ACC#00016,USD,62430000.00,DR,2023-04-06,2023-04-05,VOLERY 3292429666FP,TUP 2T1400896583766IFV /052/660690
794931963108,ACC#00002,USD,-14817.54,CR,2023-04-06,2023-04-05,VOLERY 3299775666FP,TUP 235900896745366IFV /052/Y.M.P.
644307156268,ACC#00022,USD,-1813743.39,CR,2023-04-06,2023-04-05,322756AL61374273 8513866183VI,UPCLOSER SAUNT TYPY DE - ELUVIA CC
464563279186,ACC#00019,USD,40000000.00,DR,2023-04-06,2023-04-05,VOLERY 3292228666FP,TUP 0C2C500859610Q66IFV /052/66069
823582313098,ACC#00012,USD,-3138280.00,CR,2023-04-06,2023-04-02,372506AL65892177 2452166185VI,UPCLOSER SAUNT TYPY DE - ELUVIA CC
748784358378,ACC#00024,USD,-4691.03,CR,2023-04-06,2023-04-05,322746AL68105038 8238866183VI,UPCLOSER SAUNT TYPY DE - ELUVIA CC
537978944541,ACC#00022,USD,191594.00,DR,2023-04-06,2023-04-05,VOLERY 3292493666FP,TUP 54C800859756C66IFV /052/666690
585248768330,ACC#00006,USD,-762901.99,CR,2023-04-06,2023-04-05,322756AL61340355 8580066183VI,UPCLOSER SAUNT TYPY DE - ELUVIA CC
969219668144,ACC#00024,USD,41842600.00,DR,2023-04-06,2023-04-05,VOLERY 3295900666FP,TUP 05Q29008972376N6REAVOWED/WAMP
107864352217,ACC#00009,USD,458519.07,DR,2023-04-06,2023-04-05,VOLERY 3292452666FP,TUP 53RD00896720766IFV /06/746381Q
423042106198,ACC#00001,USD,-50.56,CR,2023-04-06,2023-04-05,322746AL68102744 8282266183VI,UPCLOSER SAUNT TYPY DE - ELUVIA CC
420915611408,ACC#00002,USD,119334690.70,DR,2023-04-06,2023-04-05,U690708691512779 4616066185VI,
508407210427,ACC#00017,USD,-334.80,CR,2023-04-06,2023-04-05,322756AL61303006 4916166185VI,UPCLOSER SAUNT TYPY DE - ELUVIA CC
382093071292,ACC#00008,USD,2453000.00,DR,2023-04-06,2023-04-05,V437550660811809 4178666185VI,
926038250626,ACC#00018,USD,-1722400.00,CR,2023-04-06,2023-04-05,VOLERY 4869166185VI,UPCLOSER SAUNT TYPY DE - ELUVIA CC
83338314041,ACC#00018,USD,-463.94,CR,2023-04-06,2023-04-05,779756BW61300901 L-8287666183VI,JOQ TREPIDATORY WOLD HOTPOT UNRIP
822997805863,ACC#00022,USD,9996900.00,DR,2023-04-06,2023-04-05,VOLERY 3292495666FP,TUP 523C00897085166IFV /052/667690
517493806537,ACC#00019,USD,5739060.00,DR,2023-04-06,2023-04-05,VOLERY 3295986666FP,TUP 09VVK00897501266REAVOWED/WAMP
835344333994,ACC#00012,USD,-2209000.00,CR,2023-04-06,2023-04-05,VOLERY 3299783666FP,TUP 2T7C00896512066IFV /965/659038
581977375294,ACC#00007,USD,3077700.51,DR,2023-04-06,2023-04-05,VOLERY 3295932666FP,TUP 587C00890333366REAVOWED/PFC/TH
899783606062,ACC#00022,USD,-1195775357.00,CR,2023-04-06,2023-04-05,UVA9126666102243 9047666185FW,UNPARTOOK TYPY MENT Q-0706 ERICIUS
829103102391,ACC#00004,USD,15219.10,DR,2023-04-06,2023-04-05,32566W2H93 8280566183VI,
939016842676,ACC#00029,USD,-41842879.78,CR,2023-04-06,2023-04-05,VOLERY 3295165666FP,TUP 5451008905671U6REAVOWED/WAMP/Y
344755923116,ACC#00018,USD,-7907989.25,CR,2023-04-06,2023-04-05,VOLERY 3295793666FP,TUP 5424008905676Q6REAVOWED/WAMP/Y
194901693017,ACC#00036,USD,-41842879.78,CR,2023-04-06,2023-04-05,VOLERY 3295106666FP,TUP 5453008905671H6REAVOWED/WAMP/Y
900717072097,ACC#00013,USD,46010.77,DR,2023-04-06,2023-04-05,VOLERY 3292457666FP,TUP 2T4400890066666IFV /052/666690
233011632228,ACC#00013,USD,-939527.64,CR,2023-04-06,2023-04-05,322756AL61372172 8513666183VI,UPCLOSER SAUNT TYPY DE - ELUVIA CC
893263195560,ACC#00019,USD,-1722600.00,CR,2023-04-06,2023-04-05,VOLERY 4869366185VI,UPCLOSER SAUNT TYPY DE - ELUVIA CC
380606089189,ACC#00003,USD,210000.00,DR,2023-04-06,2023-04-05,32566W2BRT 8583366183VI,
814628555530,ACC#00017,USD,-471792.58,CR,2023-04-06,2023-04-05,VOLERY 3299756666FP,TUP 238900896737066IFV /052/Y.M.P.
631157376235,ACC#00022,USD,-20606.70,CR,2023-04-06,2023-04-05,779756BW61340160 L-8245666183VI,JOQ TREPIDATORY WOLD HOTPOT UNRIP
513796055656,ACC#00020,USD,146847.84,DR,2023-04-06,2023-04-05,VOLERY 3292447666FP,TUP 239800896750166IFV /052/667690
746968976582,ACC#00021,USD,5426718.14,DR,2023-04-06,2023-04-05,VOLERY 3292239666FP,TUP 04X7Q66666666666IFV /936/936 G
215338272835,ACC#00003,USD,-59428427.52,CR,2023-04-06,2023-04-05,VOLERY 3295797666FP,TUP 544T008905608Y6REAVOWED/WAMP/Y
898173489093,ACC#00021,USD,-20601.30,CR,2023-04-06,2023-04-05,VOLERY 3299728666FP,TUP 238700896789866IFV /052/Y.M.P.
657331561619,ACC#00016,USD,-1520000.00,CR,2023-04-06,2023-04-05,VOLERY 8882266185CQ,BAHUT WITCH AIRY U M FEW GIRE DP 0
973676035090,ACC#00009,USD,-18590.69,CR,2023-04-06,2023-04-05,0716366646666386 2312266185VI,UPCLOSER SAUNT TYPY DE - ELUVIA CC
2076203370,ACC#00013,USD,-2117512.36,CR,2023-04-06,2023-04-05,V477975166914095 4099666185VI,UPCLOSER SAUNT TYPY DE - ELUVIA CC
317165352968,ACC#00022,USD,-58707918.85,CR,2023-04-06,2023-04-05,VOLERY 3295500666FP,TUP 0C166008902071Q6REAVOWED/TH/MR
841912397144,ACC#00010,USD,-1691823.84,CR,2023-04-06,2023-04-05,VOLERY 3295171666FP,TUP 54Q900890524266REAVOWED/WAMP/C
437057865647,ACC#00004,USD,104272.04,DR,2023-04-06,2023-04-05,VOLERY 3295967666FP,TUP 54PL00890547866REAVOWED/WAMP 9
961500103173,ACC#00013,USD,-696162.23,CR,2023-04-06,2023-04-05,VOLERY 3295117666FP,TUP 0C58Q00890859866REAVOWED/TEAD/
607310936613,ACC#00004,USD,-593789.07,CR,2023-04-06,2023-04-05,VOLERY 3295179666FP,TUP 0955200897123866REAVOWED/TEAD/
556027025583,ACC#00024,USD,-46426800.00,CR,2023-04-06,2023-04-05,VOLERY 3295172666FP,TUP 05Q5700897237866REAVOWED/WAMP/
247672412615,ACC#00005,USD,2452900.00,DR,2023-04-06,2023-04-05,V437482460811809 4171966185VI,
617155308039,ACC#00025,USD,-21876.55,CR,2023-04-06,2023-04-05,VOLERY 3299729666FP,TUP 238500896730866IFV /052/Y.M.P.
658677876690,ACC#00009,USD,58700000.00,DR,2023-04-06,2023-04-05,VOLERY 3295973666FP,TUP 05Q9C008972311C6REAVOWED/WAMP
866297353732,ACC#00012,USD,103526.54,DR,2023-04-06,2023-04-05,VOLERY 3292561666FP,TUP 232800896732466IFV /06/14947E8
233091124845,ACC#00013,USD,50579000.00,DR,2023-04-06,2023-04-05,VOLERY 3292251666FP,TUP 0C2BE00855280T66IFV /052/66669
634074333705,ACC#00026,USD,40000000.00,DR,2023-04-06,2023-04-05,VOLERY 3292224666FP,TUP 0C2DU00859610X66IFV /052/66069
757329835435,ACC#00003,USD,812414.91,DR,2023-04-06,2023-04-05,VOLERY 3292276666FP,TUP 52VL00897046466IFV /965/690954
302894424811,ACC#00013,USD,88454.63,DR,2023-04-06,2023-04-05,KAVI118 2473266185VI,
109607442393,ACC#00021,USD,-748108.18,CR,2023-04-06,2023-04-05,322756AL61372757 8514166183VI,UPCLOSER SAUNT TYPY DE - ELUVIA CC
872765048836,ACC#00003,USD,12338.30,DR,2023-04-06,2023-04-05,VOLERY 3292435666FP,TUP 235100896747066IFV /06/205027C
264634613718,ACC#00018,USD,45000000.00,DR,2023-04-06,2023-04-05,VOLERY 3295970666FP,TUP 05Q98008972379Q6REAVOWED/WAMP
829770215456,ACC#00028,USD,419832.46,DR,2023-04-06,2023-04-05,VOLERY 3292277666FP,TUP 52IK00897040866IFV /992/P82M/6
729760264185,ACC#00020,USD,-3343124.81,CR,2023-04-06,2023-04-05,VOLERY 3295105666FP,TUP 54JR00890548566REAVOWED/WAMP/C
887665410662,ACC#00007,USD,-718867.33,CR,2023-04-06,2023-04-05,VOLERY 3295102666FP,TUP 54CV00890547566REAVOWED/WAMP/C
392100956757,ACC#00016,USD,-20359031.16,CR,2023-04-06,2023-04-05,VOLERY 3295104666FP,TUP 54C500890521866REAVOWED/UNCOIN
996635834513,ACC#00012,USD,25650.98,DR,2023-04-06,2023-04-05,VOLERY 3292226666FP,TUP 0LIMB66666666666IFV /4902/9860
442981317132,ACC#00022,USD,-1693272.23,CR,2023-04-06,2023-04-05,322756AL61301685 8298766183VI,UPCLOSER SAUNT TYPY DE - ELUVIA CC
839469229176,ACC#00001,USD,-3075192.44,CR,2023-04-06,2023-04-05,VOLERY 3295759666FP,TUP 544Q008905608P6REAVOWED/WAMP/Y
770497729172,ACC#00023,USD,-514381.36,CR,2023-04-06,2023-04-05,VOLERY 3299710666FP,TUP 235X00896728866IFV /6967/LX231
858813332180,ACC#00033,USD,40000000.00,DR,2023-04-06,2023-04-05,VOLERY 3292223666FP,TUP 0C2C900859610C66IFV /052/66069
18459605351,ACC#00020,USD,50579000.00,DR,2023-04-06,2023-04-05,VOLERY 3292253666FP,TUP 0C2C600855280E66IFV /052/66669
811532884965,ACC#00031,USD,41842600.00,DR,2023-04-06,2023-04-05,VOLERY 3295962666FP,TUP 05Q28008972376Q6REAVOWED/WAMP
444928058578,ACC#00040,USD,40000000.00,DR,2023-04-06,2023-04-05,VOLERY 3292220666FP,TUP 0C42T00855239C66IFV /052/66669
64370235864,ACC#00023,USD,28595085.00,DR,2023-04-06,2023-04-05,VOLERY 3292299666FP,TUP 231T00859161766IFV /052/666690
825407067057,ACC#00025,USD,4495200.00,DR,2023-04-06,2023-04-05,V437962160811809 4178066185VI,
972005548820,ACC#00017,USD,-14689714.25,CR,2023-04-06,2023-04-05,VOLERY 3295108666FP,TUP 5490008905671F6REAVOWED/WAMP/Y
568895848629,ACC#00017,USD,-257586915.30,CR,2023-04-06,2023-04-05,V492603460887671 4520066185VI,UPCLOSER SAUNT TYPY DE - ELUVIA CC
807224578381,ACC#00010,USD,-59428427.52,CR,2023-04-06,2023-04-05,VOLERY 3295757666FP,TUP 5448008905608C6REAVOWED/WAMP/Y
878459456097,ACC#00009,USD,-4000000.00,CR,2023-04-06,2023-04-05,V454026160041134 4581366185VI,UPCLOSER SAUNT TYPY DE - ELUVIA CC
972108711969,ACC#00016,USD,50667900.00,DR,2023-04-06,2023-04-05,VOLERY 3295978666FP,TUP 05Q9Q008972310C6REAVOWED/WAMP
367317559415,ACC#00022,USD,11694950.33,DR,2023-04-06,2023-04-05,VOLERY 3295968666FP,TUP 520C00890968366REAVOWED/WAMP 9
72853657555,ACC#00002,USD,344333.45,DR,2023-04-06,2023-04-05,VOLERY 3292212666FP,TUP 52KO00897048366IFV /967/M 5459
636616459682,ACC#00029,USD,58707918.85,DR,2023-04-06,2023-04-05,VOLERY 3295946666FP,TUP 0535V008902071Q6REAVOWED/TH/MR
80657802794,ACC#00009,USD,-328098.87,CR,2023-04-06,2023-04-05,322756AL61386612 8514666183VI,UPCLOSER SAUNT TYPY DE - ELUVIA CC
960443368156,ACC#00047,USD,40000000.00,DR,2023-04-06,2023-04-05,VOLERY 3292225666FP,TUP 0C2JR00859610V66IFV /052/66069
38572041160,ACC#00038,USD,41842600.00,DR,2023-04-06,2023-04-05,VOLERY 3295908666FP,TUP 05Q2C008972376E6REAVOWED/WAMP
476354478667,ACC#00018,USD,84031.14,DR,2023-04-06,2023-04-05,VOLERY 3292283666FP,TUP 52KI00897040566IFV /7449/74923
288305327197,ACC#00020,USD,1436937.48,DR,2023-04-06,2023-04-05,VOLERY 3295592666FP,TUP 51DU00890735466EU AS UDV/LEUMA
772840230989,ACC#00025,USD,-31980000.00,CR,2023-04-06,2023-04-05,VOLERY 3295174666FP,TUP 0305V008974326C6REAVOWED/WAMP/
466474590547,ACC#00017,USD,-48704.22,CR,2023-04-06,2023-04-05,VOLERY 3299743666FP,TUP 266300855996466IFV /052/Y.M.P.
608631798554,ACC#00015,USD,603660.26,DR,2023-04-06,2023-04-05,VOLERY 3292263666FP,TUP 52C500897035366IFV /992/TP0Z/6
682456085976,ACC#00025,USD,21202590.00,DR,2023-04-06,2023-04-05,VOLERY 3292455666FP,TUP 53DM00859161366IFV /728/068627
105991747965,ACC#00020,USD,-127153.40,CR,2023-04-06,2023-04-05,779756BW61380020 L-8244966183VI,JOQ TREPIDATORY WOLD HOTPOT UNRIP
287411468093,ACC#00013,USD,-58233.10,CR,2023-04-06,2023-04-05,VOLERY 3299771666FP,TUP 235700896741166IFV /052/Y.M.P.
782521990715,ACC#00004,USD,-281013.86,CR,2023-04-06,2023-04-05,VOLERY 3299785666FP,TUP 2VU700890714166IFV /052/Y.M.P.
958622963920,ACC#00008,USD,2852265.06,DR,2023-04-06,2023-04-05,32566W2QMY 8271866183VI,
64321739764,ACC#00007,USD,-4381400.00,CR,2023-04-06,2023-04-05,VOLERY 4862566185VI,UPCLOSER SAUNT TYPY DE - ELUVIA CC
426554641000,ACC#00021,USD,-6934859.02,CR,2023-04-06,2023-04-05,REFINE7567JOQG7U 0950966185XD,YUO WATERER TITUS 23669 TITUS TAKU
865584234300,ACC#00001,USD,-22500.00,CR,2023-04-06,2023-04-05,VOLERY 5979466185FW,Y M TONITE ETHERIFIES EFI ELUVIA O
365891174217,ACC#00004,USD,147265229.70,DR,2023-04-06,2023-04-05,32566W2PAN 8514966183VI,
880495210169,ACC#00003,USD,-307880.00,CR,2023-04-06,2023-04-05,VOLERY 3299782666FP,TUP 2T4V00890064766IFV /6606/50698
813466926817,ACC#00025,USD,84031.14,DR,2023-04-06,2023-04-05,VOLERY 3292213666FP,TUP 52VU00897048066IFV /7672/66738
395755694244,ACC#00013,USD,89032.13,DR,2023-04-06,2023-04-05,MG15263436M600MK 4437866185VI,
773196284955,ACC#00016,USD,35197714.75,DR,2023-04-06,2023-04-05,VOLERY 3295598666FP,TUP 70UT008424239C6REAVOWED/WAMP 9
119757024059,ACC#00017,USD,-59428427.52,CR,2023-04-06,2023-04-05,VOLERY 3295796666FP,TUP 544C008905608Z6REAVOWED/WAMP/Y
812400463371,ACC#00016,USD,39830537.00,DR,2023-04-06,2023-04-05,VOLERY 3292221666FP,TUP 0C29466666666666IFV /052/66669
957049871633,ACC#00008,USD,-2206000.00,CR,2023-04-06,2023-04-05,VOLERY 3295175666FP,TUP 05LR900897231366REAVOWED/WAMP/
242869393382,ACC#00024,USD,14548045.06,DR,2023-04-06,2023-04-05,MG15973364M600MK 7321266183VI,
466324065110,ACC#00016,USD,-549025.05,CR,2023-04-06,2023-04-05,322756AL61380716 8513466183VI,UPCLOSER SAUNT TYPY DE - ELUVIA CC
430505915097,ACC#00003,USD,248443.78,DR,2023-04-06,2023-04-05,32566W2PPO 8515066183VI,
795913547857,ACC#00024,USD,-59428427.52,CR,2023-04-06,2023-04-05,VOLERY 3295758666FP,TUP 5444008905608X6REAVOWED/WAMP/Y
587365392258,ACC#00022,USD,603660.26,DR,2023-04-06,2023-04-05,VOLERY 3292217666FP,TUP 52T900897041066IFV /992/35H7/6
76465789229,ACC#00019,USD,626903.34,DR,2023-04-06,2023-04-05,VOLERY 3292441666FP,TUP 239300896750366IFV /052/666690
711555803811,ACC#00016,USD,58700000.00,DR,2023-04-06,2023-04-05,VOLERY 3295916666FP,TUP 05SF0008972311N6REAVOWED/WAMP
539698351214,ACC#00020,USD,840311.46,DR,2023-04-06,2023-04-05,VOLERY 3292249666FP,TUP 0YVV500891014166IFV /967/M 218
111184576435,ACC#00016,USD,-2571928.33,CR,2023-04-06,2023-04-05,322756AL61373901 8511266183VI,UPCLOSER SAUNT TYPY DE - ELUVIA CC
946321225136,ACC#00023,USD,-816912450.30,CR,2023-04-06,2023-04-05,V483378560610538 4770666185VI,UPCLOSER SAUNT TYPY DE - ELUVIA CC
214406196064,ACC#00004,USD,-4380500.00,CR,2023-04-06,2023-04-05,VOLERY 4865466185VI,UPCLOSER SAUNT TYPY DE - ELUVIA CC
342674713357,ACC#00015,USD,997225.00,DR,2023-04-06,2023-04-05,VOLERY 3292210666FP,TUP 52T500897041666IFV /960/199591
492642199756,ACC#00002,USD,488890.28,DR,2023-04-06,2023-04-05,VOLERY 3295594666FP,TUP 2T7900896503466EU AS UDV/LOOFS
426163290752,ACC#00015,USD,-633800.00,CR,2023-04-06,2023-04-05,VOLERY 4869266185VI,UPCLOSER SAUNT TYPY DE - ELUVIA CC
89419237966,ACC#00009,USD,344333.45,DR,2023-04-06,2023-04-05,VOLERY 3292280666FP,TUP 52V100897048566IFV /992/23Q8/6
780524738105,ACC#00016,USD,344333.45,DR,2023-04-06,2023-04-05,VOLERY 3292265666FP,TUP 52KI00897039766IFV /992/ZK8Q/6
495096138296,ACC#00004,USD,-103772.26,CR,2023-04-06,2023-04-05,VOLERY 3299759666FP,TUP 232300896732066IFV /052/Y.M.P.
722515938608,ACC#00016,USD,1135808.60,DR,2023-04-06,2023-04-05,VOLERY 3295940666FP,TUP 0936900897222766REAVOWED/PFC/N
144982233526,ACC#00001,USD,3743638360.00,DR,2023-04-06,2023-04-05,P645332980810814 4753066185VI,
822911439196,ACC#00025,USD,-108987.27,CR,2023-04-06,2023-04-05,VOLERY 3299786666FP,TUP 2X2800896109666IFV /6992/XC0C
771405924522,ACC#00043,USD,-41842879.78,CR,2023-04-06,2023-04-05,VOLERY 3295161666FP,TUP 542T008905671Z6REAVOWED/WAMP/Y
158560552551,ACC#00012,USD,-872497.06,CR,2023-04-06,2023-04-05,322756AL61178205 8587966183VI,UPCLOSER SAUNT TYPY DE - ELUVIA CC
130286320551,ACC#00025,USD,1290624.92,DR,2023-04-06,2023-04-05,VOLERY 3292498666FP,TUP 54C100855102C66IFV /052/666690
806689482707,ACC#00007,USD,4900533.32,DR,2023-04-06,2023-04-05,VOLERY 3295963666FP,TUP 528T00897659566REAVOWED/UNCOIN
727874745457,ACC#00008,USD,-50668455.00,CR,2023-04-06,2023-04-05,VOLERY 3295100666FP,TUP 5454008905616Q6REAVOWED/WAMP/Y
623620285516,ACC#00003,USD,143593.86,DR,2023-04-06,2023-04-05,VOLERY 3292424666FP,TUP 2IK300896245866IFV /992/OR7X/6
927798476883,ACC#00025,USD,7918879.73,DR,2023-04-06,2023-04-05,32566W2G7D 8580966183VI,
753547978992,ACC#00002,USD,8849666.00,DR,2023-04-06,2023-04-05,AHT9126666102280 2381366185VI,
206494741190,ACC#00019,USD,-586772.00,CR,2023-04-06,2023-04-05,VOLERY 3299734666FP,TUP 019XY00897335166IFV /881/25266
387886813269,ACC#00004,USD,-805850.00,CR,2023-04-06,2023-04-05,VOLERY 3299722666FP,TUP 238300896736066IFV /052/Y.M.P.
95145181120,ACC#00023,USD,344333.45,DR,2023-04-06,2023-04-05,VOLERY 3292216666FP,TUP 52T200897041166IFV /7449/02404
708725457163,ACC#00022,USD,9197733.00,DR,2023-04-06,2023-04-05,IYO9126666102560 5609666185VI,
793904237814,ACC#00054,USD,40000000.00,DR,2023-04-06,2023-04-05,VOLERY 3292259666FP,TUP 0C50200855239X66IFV /052/66669
685821576038,ACC#00014,USD,4381400.00,DR,2023-04-06,2023-04-05,V431619060811809 4178966185VI,
651008205702,ACC#00016,USD,169813.52,DR,2023-04-06,2023-04-05,VOLERY 3292270666FP,TUP 52NA00897047166IFV /938/GLEK01
135403626980,ACC#00001,USD,-698819.33,CR,2023-04-06,2023-04-05,322756AL61340327 8513266183VI,UPCLOSER SAUNT TYPY DE - ELUVIA CC
68374594569,ACC#00005,USD,110595.16,DR,2023-04-06,2023-04-05,VOLERY 3292448666FP,TUP 239200896750266IFV /052/666690
871133653577,ACC#00021,USD,96891.80,DR,2023-04-06,2023-04-05,VOLERY 3292425666FP,TUP 2IK500896245066IFV /992/OR7Q/6
306368302566,ACC#00003,USD,593150.00,DR,2023-04-06,2023-04-05,VOLERY 3292428666FP,TUP 2IK700896242466IFV /992/XC0C/6
130383669863,ACC#00061,USD,40000000.00,DR,2023-04-06,2023-04-05,VOLERY 3292252666FP,TUP 0C50800855239Q66IFV /052/66669
384286320946,ACC#00010,USD,262125.99,DR,2023-04-06,2023-04-05,32566W2BRP 8583266183VI,
928083234244,ACC#00023,USD,58700000.00,DR,2023-04-06,2023-04-05,VOLERY 3295918666FP,TUP 05SF3008972311V6REAVOWED/WAMP
293060635218,ACC#00002,USD,693208.60,DR,2023-04-06,2023-04-05,VOLERY 3292432666FP,TUP 109C00821924066IFV /052/666690
310569814676,ACC#00050,USD,-41842879.78,CR,2023-04-06,2023-04-05,VOLERY 3295168666FP,TUP 542V008905671E6REAVOWED/WAMP/Y
550555727761,ACC#00030,USD,58700000.00,DR,2023-04-06,2023-04-05,VOLERY 3295974666FP,TUP 05Q9X008972311Q6REAVOWED/WAMP
794054502297,ACC#00023,USD,35197714.75,DR,2023-04-06,2023-04-05,VOLERY 3295591666FP,TUP 70C9008424239Q6REAVOWED/WAMP 9
226238786322,ACC#00016,USD,-4000000.00,CR,2023-04-06,2023-04-05,V451889360034481 4740066185VI,UPCLOSER SAUNT TYPY DE - ELUVIA CC
202283644361,ACC#00020,USD,1478012.65,DR,2023-04-06,2023-04-05,VOLERY 3292205666FP,TUP 52X900897046266IFV /992/6QIB/6
991549322066,ACC#00021,USD,-552108.91,CR,2023-04-06,2023-04-05,V447865160640895 4784366185VI,UPCLOSER SAUNT TYPY DE - ELUVIA CC
70591234297,ACC#00025,USD,-875000000.00,CR,2023-04-06,2023-04-05,VOLERY 6660166185XY,UPCLOSER SAUNT TYPY DE - ELUVIA CC
402630773930,ACC#00008,USD,4638025.69,DR,2023-04-06,2023-04-05,GYNOMONOECISM 2157266185VI,
290188208294,ACC#00017,USD,31831265.22,DR,2023-04-06,2023-04-05,VOLERY 3295595666FP,TUP 587600890822266REAVOWED/WAMP 9
906323231104,ACC#00025,USD,45000000.00,DR,2023-04-06,2023-04-05,VOLERY 3295977666FP,TUP 05Q93008972379C6REAVOWED/WAMP
597524771418,ACC#00026,USD,1722600.00,DR,2023-04-06,2023-04-05,V437081860811809 4171866185VI,
223350808918,ACC#00012,USD,-21839500.00,CR,2023-04-06,2023-04-05,VOLERY 3299749666FP,TUP 265C00859161866IFV /052/Y.M.P.
14772756693,ACC#00045,USD,41842600.00,DR,2023-04-06,2023-04-05,VOLERY 3295965666FP,TUP 05Q23008972376T6REAVOWED/WAMP
963365189309,ACC#00002,USD,-1200000.00,CR,2023-04-06,2023-04-05,V430244060687555 4711766185VI,UPCLOSER SAUNT TYPY DE - ELUVIA CC
371176281247,ACC#00017,USD,12169847.47,DR,2023-04-06,2023-04-05,VOLERY 3295947666FP,TUP 0936C00897225666REAVOWED/PFC/N
892475289052,ACC#00005,USD,-22177219.00,CR,2023-04-06,2023-04-05,AHT9126666102232 5578266185VI,UPCLOSER SAUNT TYPY DE - ELUVIA CC
763106891146,ACC#00021,USD,-800000.00,CR,2023-04-06,2023-04-05,VOLERY 4713866185XD,OXEOTE NONREGULATIVE OEV ELUVIA  T
145966692597,ACC#00037,USD,58700000.00,DR,2023-04-06,2023-04-05,VOLERY 3295917666FP,TUP 05SF1008972311E6REAVOWED/WAMP
461521524005,ACC#00001,USD,-3592704.78,CR,2023-04-06,2023-04-05,VOLERY 3299742666FP,TUP 260Q00859722266IFV /6967/LX231
494000348442,ACC#00022,USD,1826.24,DR,2023-04-06,2023-04-05,6C44656O6Z6S6768 2490366185VI,
44328396641,ACC#00010,USD,809957.74,DR,2023-04-06,2023-04-05,VOLERY 3292439666FP,TUP 235C00896723166IFV /052/660690
940155757826,ACC#00052,USD,41842600.00,DR,2023-04-06,2023-04-05,VOLERY 3295909666FP,TUP 05Q50008972376P6REAVOWED/WAMP
149749567083,ACC#00013,USD,3981440.57,DR,2023-04-06,2023-04-05,MG15677925L600MK 7321366183VI,
187186970224,ACC#00012,USD,-1022738.69,CR,2023-04-06,2023-04-05,VOLERY 3299787666FP,TUP 2NA400896392766IFV /6967/LX231
316122242965,ACC#00014,USD,-208552.00,CR,2023-04-06,2023-04-05,VOLERY 3299780666FP,TUP 2X2300896176266IFV /6992/XC0C
766977259369,ACC#00020,USD,-452699.91,CR,2023-04-06,2023-04-05,322756AL61310365 8512366183VI,UPCLOSER SAUNT TYPY DE - ELUVIA CC
288678023845,ACC#00025,USD,-108248.40,CR,2023-04-06,2023-04-05,VOLERY 3299774666FP,TUP 235200896726666IFV /052/Y.M.P.
161381897996,ACC#00036,USD,-58707918.85,CR,2023-04-06,2023-04-05,VOLERY 3295507666FP,TUP 0C160008902071C6REAVOWED/TH/MR
900365123157,ACC#00006,USD,-1819225.22,CR,2023-04-06,2023-04-05,322756AL61380335 8519266183VI,UPCLOSER SAUNT TYPY DE - ELUVIA CC
358806582136,ACC#00001,USD,-2110000.00,CR,2023-04-06,2023-04-05,V430277560687505 4711666185VI,UPCLOSER SAUNT TYPY DE - ELUVIA CC
294723575211,ACC#00021,USD,14127.30,DR,2023-04-06,2023-04-05,07166W5798 2826666185VI,
284061653300,ACC#00008,USD,-149560.00,CR,2023-04-06,2023-04-05,VOLERY L-1415166185FW,ENCHODONTIDAE COUTHIER FOLKSY COIF
801918435364,ACC#00021,USD,35216608.55,DR,2023-04-06,2023-04-05,32566W2M00 8242066183VI,
384218572078,ACC#00010,USD,-778430.00,CR,2023-04-06,2023-04-05,VOLERY 4869866185VI,UPCLOSER SAUNT TYPY DE - ELUVIA CC
725472801411,ACC#00057,USD,-41842879.78,CR,2023-04-06,2023-04-05,VOLERY 3295164666FP,TUP 5450008905671N6REAVOWED/WAMP/Y
907340061930,ACC#00012,USD,-211630862.10,CR,2023-04-06,2023-04-05,ICHTHYIZATION 3661066185XD,JV ROUTOUS LANOLINS FIEF BE
551745466871,ACC#00005,USD,-3277.48,CR,2023-04-06,2023-04-05,HOULT08MOG7669H 4602166185XD,VERANDAH TYPY AI ELUVIA VU7H 8MH
447026353804,ACC#00023,USD,-12650573.72,CR,2023-04-06,2023-04-05,VOLERY 3295569666FP,TUP 549600890516866REAVOWED/PFC 90
382986427501,ACC#00023,USD,4000000.00,DR,2023-04-06,2023-04-05,V358465990881848 4543466185VI,
154546540490,ACC#00013,USD,689275.68,DR,2023-04-06,2023-04-05,VOLERY 3292499666FP,TUP 52C700897035666IFV /938/ROLF26
360422358755,ACC#00019,USD,70657.33,DR,2023-04-06,2023-04-05,32566W2IR4 8459966183VI,
89914798112,ACC#00027,USD,50579000.00,DR,2023-04-06,2023-04-05,VOLERY 3292257666FP,TUP 0C2FP00855280X66IFV /052/66669
246721076436,ACC#00016,USD,2194864.94,DR,2023-04-06,2023-04-05,VOLERY 3292272666FP,TUP 52T800897047366IFV /992/2QN1/6
784322805741,ACC#00017,USD,-500919.84,CR,2023-04-06,2023-04-05,VOLERY 4916466185FW,ENCHODONTIDAE COUTHIER FOLKSY COIF
573587086265,ACC#00005,USD,-5665327.54,CR,2023-04-06,2023-04-05,VOLERY 6765666185FW,ENCHODONTIDAE COUTHIER FOLKSY COIF
148605855598,ACC#00044,USD,58700000.00,DR,2023-04-06,2023-04-05,VOLERY 3295914666FP,TUP 05SF2008972311Y6REAVOWED/WAMP
781776840235,ACC#00068,USD,40000000.00,DR,2023-04-06,2023-04-05,VOLERY 3292227666FP,TUP 0C45C00859610C66IFV /052/66069
585905881996,ACC#00032,USD,-31980000.00,CR,2023-04-06,2023-04-05,VOLERY 3295173666FP,TUP 0305C008974326Q6REAVOWED/WAMP/
701511679047,ACC#00025,USD,-922747.62,CR,2023-04-06,2023-04-05,VOLERY 3299717666FP,TUP 235T00896728966IFV /6967/LX231
745943684729,ACC#00007,USD,31810000.00,DR,2023-04-06,2023-04-05,VOLERY 3295976666FP,TUP 05Q97008972379C6REAVOWED/WAMP
98740753948,ACC#00032,USD,84031.14,DR,2023-04-06,2023-04-05,VOLERY 3292281666FP,TUP 52V200897047066IFV /7449/77969
626276073954,ACC#00018,USD,3343000.00,DR,2023-04-06,2023-04-05,VOLERY 3295980666FP,TUP 09KY000897507366REAVOWED/WAMP
791650200539,ACC#00008,USD,3592704.78,DR,2023-04-06,2023-04-05,VOLERY 3292298666FP,TUP 260C00859722166IFV /052/666690
896889242553,ACC#00018,USD,5056000.00,DR,2023-04-06,2023-04-05,MG34581016M600MK 4938166185VI,
356763460750,ACC#00011,USD,571000.00,DR,2023-04-06,2023-04-05,URBD-2DPEUN 2210866185VI,
162253591461,ACC#00023,USD,169813.52,DR,2023-04-06,2023-04-05,VOLERY 3292260666FP,TUP 52C800897035466IFV /992/SEX1/6
984467035656,ACC#00028,USD,-398878.10,CR,2023-04-06,2023-04-05,VOLERY 3299745666FP,TUP 260X00859750266IFV /6967/LX231
47524851765,ACC#00015,USD,1276588.60,DR,2023-04-06,2023-04-05,VOLERY 3292426666FP,TUP 2NA800896184866IFV /992/O9TU/6
351482856065,ACC#00002,USD,430000000.00,DR,2023-04-06,2023-04-05,MG15971840M600MK 7321466183VI,
833512982523,ACC#00008,USD,-1789514.89,CR,2023-04-06,2023-04-05,VOLERY 3299739666FP,TUP 495C00852802466IFV /6052/ECCA
110657371114,ACC#00021,USD,-104151.00,CR,2023-04-06,2023-04-05,VOLERY 3295116666FP,TUP 09PFG00897500766REAVOWED/WAMP/
230846420800,ACC#00034,USD,50579000.00,DR,2023-04-06,2023-04-05,VOLERY 3292258666FP,TUP 0C2IB00855280V66IFV /052/66669
342559317154,ACC#00031,USD,-59428427.52,CR,2023-04-06,2023-04-05,VOLERY 3295752666FP,TUP 5449008905608Q6REAVOWED/WAMP/Y
932864710158,ACC#00024,USD,-3990000.00,CR,2023-04-06,2023-04-05,VOLERY 3295110666FP,TUP 09KY200897509966REAVOWED/WAMP/
248269472314,ACC#00030,USD,169813.52,DR,2023-04-06,2023-04-05,VOLERY 3292288666FP,TUP 52V500897040966IFV /7449/02190
955044016368,ACC#00016,USD,-458519.07,CR,2023-04-06,2023-04-05,VOLERY 3299716666FP,TUP 235Q00896720166IFV /052/Y.M.P.
991557128170,ACC#00014,USD,1688580.96,DR,2023-04-06,2023-04-05,VOLERY 3292235666FP,TUP 03V6Q00897040366IFV /7449/0200
783164940669,ACC#00013,USD,775653.00,DR,2023-04-06,2023-04-05,6629966185RN 6629966185RN,Y M TONITE ETHERIFIES GAB MURREY X
259645050681,ACC#00010,USD,1790000.00,DR,2023-04-06,2023-04-05,V358843430811809 4171166185VI,
722014990044,ACC#00023,USD,-3996330.00,CR,2023-04-06,2023-04-05,VOLERY 3299732666FP,TUP 0C2C200855287666IFV /606/35174
419660171738,ACC#00016,USD,-2720194.28,CR,2023-04-06,2023-04-05,VOLERY 3299778666FP,TUP 235300896744566IFV /052/Y.M.P.
737734238654,ACC#00012,USD,-2452900.00,CR,2023-04-06,2023-04-05,VOLERY 4869666185VI,UPCLOSER SAUNT TYPY DE - ELUVIA CC
102394300138,ACC#00015,USD,-3278818.51,CR,2023-04-06,2023-04-05,322756AL61310905 8514066183VI,UPCLOSER SAUNT TYPY DE - ELUVIA CC
735569807442,ACC#00051,USD,58700000.00,DR,2023-04-06,2023-04-05,VOLERY 3295979666FP,TUP 05SF6008972311T6REAVOWED/WAMP
394781147115,ACC#00024,USD,-150948.35,CR,2023-04-06,2023-04-05,VOLERY 3299713666FP,TUP 239400896757766IFV /6967/LX231
68635017281,ACC#00020,USD,-88554.91,CR,2023-04-06,2023-04-05,322756AL61385211 8518666183VI,UPCLOSER SAUNT TYPY DE - ELUVIA CC
870797166789,ACC#00019,USD,66000000.00,DR,2023-04-06,2023-04-05,V491017460881378 4542266185VI,
905601597176,ACC#00008,USD,-44175036.26,CR,2023-04-06,2023-04-05,VOLERY 3295798666FP,TUP 5428008905676C6REAVOWED/WAMP/Y
674852136684,ACC#00018,USD,-5048664.39,CR,2023-04-06,2023-04-05,V456956660031074 4746166185VI,UPCLOSER SAUNT TYPY DE - ELUVIA CC
617669992173,ACC#00012,USD,911866.65,DR,2023-04-06,2023-04-05,V358848600811809 4171266185VI,
896349713286,ACC#00064,USD,-41842879.78,CR,2023-04-06,2023-04-05,VOLERY 3295167666FP,TUP 542X008905671V6REAVOWED/WAMP/Y
931238606193,ACC#00023,USD,247971.87,DR,2023-04-06,2023-04-05,VOLERY 3292491666FP,TUP 54C700855179C66IFV /052/666690
619279981805,ACC#00018,USD,17094628.00,DR,2023-04-06,2023-04-05,VOLERY 3292234666FP,TUP 03V6900897041966IFV /967/E 077
670074254155,ACC#00022,USD,319762.82,DR,2023-04-06,2023-04-05,VOLERY 3295982666FP,TUP 266C00859616366EU AS UDV/LOOFS
973870271731,ACC#00010,USD,301753.46,DR,2023-04-06,2023-04-05,VOLERY 3292449666FP,TUP 2X2700896796766IFV /052/667690
82400674676,ACC#00041,USD,50579000.00,DR,2023-04-06,2023-04-05,VOLERY 3292250666FP,TUP 0C2YV00855280C66IFV /052/66669
